FolioUrn,Sequence,Label
urn:cite:musicmss:sbe0121.1,1,"Einsiedeln, Stiftsbibliothek, Codex 121 (1151), page 1."
urn:cite:musicmss:sbe0121.2,2,"Einsiedeln, Stiftsbibliothek, Codex 121 (1151), page 2."
urn:cite:musicmss:sbe0121.3,3,"Einsiedeln, Stiftsbibliothek, Codex 121 (1151), page 3."
urn:cite:musicmss:sbe0121.4,4,"Einsiedeln, Stiftsbibliothek, Codex 121 (1151), page 4."
urn:cite:musicmss:sbe0121.5,5,"Einsiedeln, Stiftsbibliothek, Codex 121 (1151), page 5."
urn:cite:musicmss:sbe0121.6,6,"Einsiedeln, Stiftsbibliothek, Codex 121 (1151), page 6."
urn:cite:musicmss:sbe0121.7,7,"Einsiedeln, Stiftsbibliothek, Codex 121 (1151), page 7."
urn:cite:musicmss:sbe0121.8,8,"Einsiedeln, Stiftsbibliothek, Codex 121 (1151), page 8."
urn:cite:musicmss:sbe0121.9,9,"Einsiedeln, Stiftsbibliothek, Codex 121 (1151), page 9."
urn:cite:musicmss:sbe0121.10,10,"Einsiedeln, Stiftsbibliothek, Codex 121 (1151), page 10."
urn:cite:musicmss:sbe0121.11,11,"Einsiedeln, Stiftsbibliothek, Codex 121 (1151), page 11."
urn:cite:musicmss:sbe0121.12,12,"Einsiedeln, Stiftsbibliothek, Codex 121 (1151), page 12."
urn:cite:musicmss:sbe0121.13,13,"Einsiedeln, Stiftsbibliothek, Codex 121 (1151), page 13."
urn:cite:musicmss:sbe0121.14,14,"Einsiedeln, Stiftsbibliothek, Codex 121 (1151), page 14."
urn:cite:musicmss:sbe0121.15,15,"Einsiedeln, Stiftsbibliothek, Codex 121 (1151), page 15."
urn:cite:musicmss:sbe0121.16,16,"Einsiedeln, Stiftsbibliothek, Codex 121 (1151), page 16."
urn:cite:musicmss:sbe0121.17,17,"Einsiedeln, Stiftsbibliothek, Codex 121 (1151), page 17."
urn:cite:musicmss:sbe0121.18,18,"Einsiedeln, Stiftsbibliothek, Codex 121 (1151), page 18."
urn:cite:musicmss:sbe0121.19,19,"Einsiedeln, Stiftsbibliothek, Codex 121 (1151), page 19."
urn:cite:musicmss:sbe0121.20,20,"Einsiedeln, Stiftsbibliothek, Codex 121 (1151), page 20."
urn:cite:musicmss:sbe0121.21,21,"Einsiedeln, Stiftsbibliothek, Codex 121 (1151), page 21."
urn:cite:musicmss:sbe0121.22,22,"Einsiedeln, Stiftsbibliothek, Codex 121 (1151), page 22."
urn:cite:musicmss:sbe0121.23,23,"Einsiedeln, Stiftsbibliothek, Codex 121 (1151), page 23."
urn:cite:musicmss:sbe0121.24,24,"Einsiedeln, Stiftsbibliothek, Codex 121 (1151), page 24."
urn:cite:musicmss:sbe0121.25,25,"Einsiedeln, Stiftsbibliothek, Codex 121 (1151), page 25."
urn:cite:musicmss:sbe0121.26,26,"Einsiedeln, Stiftsbibliothek, Codex 121 (1151), page 26."
urn:cite:musicmss:sbe0121.27,27,"Einsiedeln, Stiftsbibliothek, Codex 121 (1151), page 27."
urn:cite:musicmss:sbe0121.28,28,"Einsiedeln, Stiftsbibliothek, Codex 121 (1151), page 28."
urn:cite:musicmss:sbe0121.29,29,"Einsiedeln, Stiftsbibliothek, Codex 121 (1151), page 29."
urn:cite:musicmss:sbe0121.30,30,"Einsiedeln, Stiftsbibliothek, Codex 121 (1151), page 30."
urn:cite:musicmss:sbe0121.31,31,"Einsiedeln, Stiftsbibliothek, Codex 121 (1151), page 31."
urn:cite:musicmss:sbe0121.32,32,"Einsiedeln, Stiftsbibliothek, Codex 121 (1151), page 32."
urn:cite:musicmss:sbe0121.33,33,"Einsiedeln, Stiftsbibliothek, Codex 121 (1151), page 33."
urn:cite:musicmss:sbe0121.34,34,"Einsiedeln, Stiftsbibliothek, Codex 121 (1151), page 34."
urn:cite:musicmss:sbe0121.35,35,"Einsiedeln, Stiftsbibliothek, Codex 121 (1151), page 35."
urn:cite:musicmss:sbe0121.36,36,"Einsiedeln, Stiftsbibliothek, Codex 121 (1151), page 36."
urn:cite:musicmss:sbe0121.37,37,"Einsiedeln, Stiftsbibliothek, Codex 121 (1151), page 37."
urn:cite:musicmss:sbe0121.38,38,"Einsiedeln, Stiftsbibliothek, Codex 121 (1151), page 38."
urn:cite:musicmss:sbe0121.39,39,"Einsiedeln, Stiftsbibliothek, Codex 121 (1151), page 39."
urn:cite:musicmss:sbe0121.40,40,"Einsiedeln, Stiftsbibliothek, Codex 121 (1151), page 40."
urn:cite:musicmss:sbe0121.41,41,"Einsiedeln, Stiftsbibliothek, Codex 121 (1151), page 41."
urn:cite:musicmss:sbe0121.42,42,"Einsiedeln, Stiftsbibliothek, Codex 121 (1151), page 42."
urn:cite:musicmss:sbe0121.43,43,"Einsiedeln, Stiftsbibliothek, Codex 121 (1151), page 43."
urn:cite:musicmss:sbe0121.44,44,"Einsiedeln, Stiftsbibliothek, Codex 121 (1151), page 44."
urn:cite:musicmss:sbe0121.45,45,"Einsiedeln, Stiftsbibliothek, Codex 121 (1151), page 45."
urn:cite:musicmss:sbe0121.46,46,"Einsiedeln, Stiftsbibliothek, Codex 121 (1151), page 46."
urn:cite:musicmss:sbe0121.47,47,"Einsiedeln, Stiftsbibliothek, Codex 121 (1151), page 47."
urn:cite:musicmss:sbe0121.48,48,"Einsiedeln, Stiftsbibliothek, Codex 121 (1151), page 48."
urn:cite:musicmss:sbe0121.49,49,"Einsiedeln, Stiftsbibliothek, Codex 121 (1151), page 49."
urn:cite:musicmss:sbe0121.50,50,"Einsiedeln, Stiftsbibliothek, Codex 121 (1151), page 50."
urn:cite:musicmss:sbe0121.51,51,"Einsiedeln, Stiftsbibliothek, Codex 121 (1151), page 51."
urn:cite:musicmss:sbe0121.52,52,"Einsiedeln, Stiftsbibliothek, Codex 121 (1151), page 52."
urn:cite:musicmss:sbe0121.53,53,"Einsiedeln, Stiftsbibliothek, Codex 121 (1151), page 53."
urn:cite:musicmss:sbe0121.54,54,"Einsiedeln, Stiftsbibliothek, Codex 121 (1151), page 54."
urn:cite:musicmss:sbe0121.55,55,"Einsiedeln, Stiftsbibliothek, Codex 121 (1151), page 55."
urn:cite:musicmss:sbe0121.56,56,"Einsiedeln, Stiftsbibliothek, Codex 121 (1151), page 56."
urn:cite:musicmss:sbe0121.57,57,"Einsiedeln, Stiftsbibliothek, Codex 121 (1151), page 57."
urn:cite:musicmss:sbe0121.58,58,"Einsiedeln, Stiftsbibliothek, Codex 121 (1151), page 58."
urn:cite:musicmss:sbe0121.59,59,"Einsiedeln, Stiftsbibliothek, Codex 121 (1151), page 59."
urn:cite:musicmss:sbe0121.60,60,"Einsiedeln, Stiftsbibliothek, Codex 121 (1151), page 60."
urn:cite:musicmss:sbe0121.61,61,"Einsiedeln, Stiftsbibliothek, Codex 121 (1151), page 61."
urn:cite:musicmss:sbe0121.62,62,"Einsiedeln, Stiftsbibliothek, Codex 121 (1151), page 62."
urn:cite:musicmss:sbe0121.63,63,"Einsiedeln, Stiftsbibliothek, Codex 121 (1151), page 63."
urn:cite:musicmss:sbe0121.64,64,"Einsiedeln, Stiftsbibliothek, Codex 121 (1151), page 64."
urn:cite:musicmss:sbe0121.65,65,"Einsiedeln, Stiftsbibliothek, Codex 121 (1151), page 65."
urn:cite:musicmss:sbe0121.66,66,"Einsiedeln, Stiftsbibliothek, Codex 121 (1151), page 66."
urn:cite:musicmss:sbe0121.67,67,"Einsiedeln, Stiftsbibliothek, Codex 121 (1151), page 67."
urn:cite:musicmss:sbe0121.68,68,"Einsiedeln, Stiftsbibliothek, Codex 121 (1151), page 68."
urn:cite:musicmss:sbe0121.69,69,"Einsiedeln, Stiftsbibliothek, Codex 121 (1151), page 69."
urn:cite:musicmss:sbe0121.70,70,"Einsiedeln, Stiftsbibliothek, Codex 121 (1151), page 70."
urn:cite:musicmss:sbe0121.71,71,"Einsiedeln, Stiftsbibliothek, Codex 121 (1151), page 71."
urn:cite:musicmss:sbe0121.72,72,"Einsiedeln, Stiftsbibliothek, Codex 121 (1151), page 72."
urn:cite:musicmss:sbe0121.73,73,"Einsiedeln, Stiftsbibliothek, Codex 121 (1151), page 73."
urn:cite:musicmss:sbe0121.74,74,"Einsiedeln, Stiftsbibliothek, Codex 121 (1151), page 74."
urn:cite:musicmss:sbe0121.75,75,"Einsiedeln, Stiftsbibliothek, Codex 121 (1151), page 75."
urn:cite:musicmss:sbe0121.76,76,"Einsiedeln, Stiftsbibliothek, Codex 121 (1151), page 76."
urn:cite:musicmss:sbe0121.77,77,"Einsiedeln, Stiftsbibliothek, Codex 121 (1151), page 77."
urn:cite:musicmss:sbe0121.78,78,"Einsiedeln, Stiftsbibliothek, Codex 121 (1151), page 78."
urn:cite:musicmss:sbe0121.79,79,"Einsiedeln, Stiftsbibliothek, Codex 121 (1151), page 79."
urn:cite:musicmss:sbe0121.80,80,"Einsiedeln, Stiftsbibliothek, Codex 121 (1151), page 80."
urn:cite:musicmss:sbe0121.81,81,"Einsiedeln, Stiftsbibliothek, Codex 121 (1151), page 81."
urn:cite:musicmss:sbe0121.82,82,"Einsiedeln, Stiftsbibliothek, Codex 121 (1151), page 82."
urn:cite:musicmss:sbe0121.83,83,"Einsiedeln, Stiftsbibliothek, Codex 121 (1151), page 83."
urn:cite:musicmss:sbe0121.84,84,"Einsiedeln, Stiftsbibliothek, Codex 121 (1151), page 84."
urn:cite:musicmss:sbe0121.85,85,"Einsiedeln, Stiftsbibliothek, Codex 121 (1151), page 85."
urn:cite:musicmss:sbe0121.86,86,"Einsiedeln, Stiftsbibliothek, Codex 121 (1151), page 86."
urn:cite:musicmss:sbe0121.87,87,"Einsiedeln, Stiftsbibliothek, Codex 121 (1151), page 87."
urn:cite:musicmss:sbe0121.88,88,"Einsiedeln, Stiftsbibliothek, Codex 121 (1151), page 88."
urn:cite:musicmss:sbe0121.89,89,"Einsiedeln, Stiftsbibliothek, Codex 121 (1151), page 89."
urn:cite:musicmss:sbe0121.90,90,"Einsiedeln, Stiftsbibliothek, Codex 121 (1151), page 90."
urn:cite:musicmss:sbe0121.91,91,"Einsiedeln, Stiftsbibliothek, Codex 121 (1151), page 91."
urn:cite:musicmss:sbe0121.92,92,"Einsiedeln, Stiftsbibliothek, Codex 121 (1151), page 92."
urn:cite:musicmss:sbe0121.93,93,"Einsiedeln, Stiftsbibliothek, Codex 121 (1151), page 93."
urn:cite:musicmss:sbe0121.94,94,"Einsiedeln, Stiftsbibliothek, Codex 121 (1151), page 94."
urn:cite:musicmss:sbe0121.95,95,"Einsiedeln, Stiftsbibliothek, Codex 121 (1151), page 95."
urn:cite:musicmss:sbe0121.96,96,"Einsiedeln, Stiftsbibliothek, Codex 121 (1151), page 96."
urn:cite:musicmss:sbe0121.97,97,"Einsiedeln, Stiftsbibliothek, Codex 121 (1151), page 97."
urn:cite:musicmss:sbe0121.98,98,"Einsiedeln, Stiftsbibliothek, Codex 121 (1151), page 98."
urn:cite:musicmss:sbe0121.99,99,"Einsiedeln, Stiftsbibliothek, Codex 121 (1151), page 99."
urn:cite:musicmss:sbe0121.100,100,"Einsiedeln, Stiftsbibliothek, Codex 121 (1151), page 100."
urn:cite:musicmss:sbe0121.101,101,"Einsiedeln, Stiftsbibliothek, Codex 121 (1151), page 101."
urn:cite:musicmss:sbe0121.102,102,"Einsiedeln, Stiftsbibliothek, Codex 121 (1151), page 102."
urn:cite:musicmss:sbe0121.103,103,"Einsiedeln, Stiftsbibliothek, Codex 121 (1151), page 103."
urn:cite:musicmss:sbe0121.104,104,"Einsiedeln, Stiftsbibliothek, Codex 121 (1151), page 104."
urn:cite:musicmss:sbe0121.105,105,"Einsiedeln, Stiftsbibliothek, Codex 121 (1151), page 105."
urn:cite:musicmss:sbe0121.106,106,"Einsiedeln, Stiftsbibliothek, Codex 121 (1151), page 106."
urn:cite:musicmss:sbe0121.107,107,"Einsiedeln, Stiftsbibliothek, Codex 121 (1151), page 107."
urn:cite:musicmss:sbe0121.108,108,"Einsiedeln, Stiftsbibliothek, Codex 121 (1151), page 108."
urn:cite:musicmss:sbe0121.109,109,"Einsiedeln, Stiftsbibliothek, Codex 121 (1151), page 109."
urn:cite:musicmss:sbe0121.110,110,"Einsiedeln, Stiftsbibliothek, Codex 121 (1151), page 110."
urn:cite:musicmss:sbe0121.111,111,"Einsiedeln, Stiftsbibliothek, Codex 121 (1151), page 111."
urn:cite:musicmss:sbe0121.112,112,"Einsiedeln, Stiftsbibliothek, Codex 121 (1151), page 112."
urn:cite:musicmss:sbe0121.113,113,"Einsiedeln, Stiftsbibliothek, Codex 121 (1151), page 113."
urn:cite:musicmss:sbe0121.114,114,"Einsiedeln, Stiftsbibliothek, Codex 121 (1151), page 114."
urn:cite:musicmss:sbe0121.115,115,"Einsiedeln, Stiftsbibliothek, Codex 121 (1151), page 115."
urn:cite:musicmss:sbe0121.116,116,"Einsiedeln, Stiftsbibliothek, Codex 121 (1151), page 116."
urn:cite:musicmss:sbe0121.117,117,"Einsiedeln, Stiftsbibliothek, Codex 121 (1151), page 117."
urn:cite:musicmss:sbe0121.118,118,"Einsiedeln, Stiftsbibliothek, Codex 121 (1151), page 118."
urn:cite:musicmss:sbe0121.119,119,"Einsiedeln, Stiftsbibliothek, Codex 121 (1151), page 119."
urn:cite:musicmss:sbe0121.120,120,"Einsiedeln, Stiftsbibliothek, Codex 121 (1151), page 120."
urn:cite:musicmss:sbe0121.121,121,"Einsiedeln, Stiftsbibliothek, Codex 121 (1151), page 121."
urn:cite:musicmss:sbe0121.122,122,"Einsiedeln, Stiftsbibliothek, Codex 121 (1151), page 122."
urn:cite:musicmss:sbe0121.123,123,"Einsiedeln, Stiftsbibliothek, Codex 121 (1151), page 123."
urn:cite:musicmss:sbe0121.124,124,"Einsiedeln, Stiftsbibliothek, Codex 121 (1151), page 124."
urn:cite:musicmss:sbe0121.125,125,"Einsiedeln, Stiftsbibliothek, Codex 121 (1151), page 125."
urn:cite:musicmss:sbe0121.126,126,"Einsiedeln, Stiftsbibliothek, Codex 121 (1151), page 126."
urn:cite:musicmss:sbe0121.127,127,"Einsiedeln, Stiftsbibliothek, Codex 121 (1151), page 127."
urn:cite:musicmss:sbe0121.128,128,"Einsiedeln, Stiftsbibliothek, Codex 121 (1151), page 128."
urn:cite:musicmss:sbe0121.129,129,"Einsiedeln, Stiftsbibliothek, Codex 121 (1151), page 129."
urn:cite:musicmss:sbe0121.130,130,"Einsiedeln, Stiftsbibliothek, Codex 121 (1151), page 130."
urn:cite:musicmss:sbe0121.131,131,"Einsiedeln, Stiftsbibliothek, Codex 121 (1151), page 131."
urn:cite:musicmss:sbe0121.132,132,"Einsiedeln, Stiftsbibliothek, Codex 121 (1151), page 132."
urn:cite:musicmss:sbe0121.133,133,"Einsiedeln, Stiftsbibliothek, Codex 121 (1151), page 133."
urn:cite:musicmss:sbe0121.134,134,"Einsiedeln, Stiftsbibliothek, Codex 121 (1151), page 134."
urn:cite:musicmss:sbe0121.135,135,"Einsiedeln, Stiftsbibliothek, Codex 121 (1151), page 135."
urn:cite:musicmss:sbe0121.136,136,"Einsiedeln, Stiftsbibliothek, Codex 121 (1151), page 136."
urn:cite:musicmss:sbe0121.137,137,"Einsiedeln, Stiftsbibliothek, Codex 121 (1151), page 137."
urn:cite:musicmss:sbe0121.138,138,"Einsiedeln, Stiftsbibliothek, Codex 121 (1151), page 138."
urn:cite:musicmss:sbe0121.139,139,"Einsiedeln, Stiftsbibliothek, Codex 121 (1151), page 139."
urn:cite:musicmss:sbe0121.140,140,"Einsiedeln, Stiftsbibliothek, Codex 121 (1151), page 140."
urn:cite:musicmss:sbe0121.141,141,"Einsiedeln, Stiftsbibliothek, Codex 121 (1151), page 141."
urn:cite:musicmss:sbe0121.142,142,"Einsiedeln, Stiftsbibliothek, Codex 121 (1151), page 142."
urn:cite:musicmss:sbe0121.143,143,"Einsiedeln, Stiftsbibliothek, Codex 121 (1151), page 143."
urn:cite:musicmss:sbe0121.144,144,"Einsiedeln, Stiftsbibliothek, Codex 121 (1151), page 144."
urn:cite:musicmss:sbe0121.145,145,"Einsiedeln, Stiftsbibliothek, Codex 121 (1151), page 145."
urn:cite:musicmss:sbe0121.146,146,"Einsiedeln, Stiftsbibliothek, Codex 121 (1151), page 146."
urn:cite:musicmss:sbe0121.147,147,"Einsiedeln, Stiftsbibliothek, Codex 121 (1151), page 147."
urn:cite:musicmss:sbe0121.148,148,"Einsiedeln, Stiftsbibliothek, Codex 121 (1151), page 148."
urn:cite:musicmss:sbe0121.149,149,"Einsiedeln, Stiftsbibliothek, Codex 121 (1151), page 149."
urn:cite:musicmss:sbe0121.150,150,"Einsiedeln, Stiftsbibliothek, Codex 121 (1151), page 150."
urn:cite:musicmss:sbe0121.151,151,"Einsiedeln, Stiftsbibliothek, Codex 121 (1151), page 151."
urn:cite:musicmss:sbe0121.152,152,"Einsiedeln, Stiftsbibliothek, Codex 121 (1151), page 152."
urn:cite:musicmss:sbe0121.153,153,"Einsiedeln, Stiftsbibliothek, Codex 121 (1151), page 153."
urn:cite:musicmss:sbe0121.154,154,"Einsiedeln, Stiftsbibliothek, Codex 121 (1151), page 154."
urn:cite:musicmss:sbe0121.155,155,"Einsiedeln, Stiftsbibliothek, Codex 121 (1151), page 155."
urn:cite:musicmss:sbe0121.156,156,"Einsiedeln, Stiftsbibliothek, Codex 121 (1151), page 156."
urn:cite:musicmss:sbe0121.157,157,"Einsiedeln, Stiftsbibliothek, Codex 121 (1151), page 157."
urn:cite:musicmss:sbe0121.158,158,"Einsiedeln, Stiftsbibliothek, Codex 121 (1151), page 158."
urn:cite:musicmss:sbe0121.159,159,"Einsiedeln, Stiftsbibliothek, Codex 121 (1151), page 159."
urn:cite:musicmss:sbe0121.160,160,"Einsiedeln, Stiftsbibliothek, Codex 121 (1151), page 160."
urn:cite:musicmss:sbe0121.161,161,"Einsiedeln, Stiftsbibliothek, Codex 121 (1151), page 161."
urn:cite:musicmss:sbe0121.162,162,"Einsiedeln, Stiftsbibliothek, Codex 121 (1151), page 162."
urn:cite:musicmss:sbe0121.163,163,"Einsiedeln, Stiftsbibliothek, Codex 121 (1151), page 163."
urn:cite:musicmss:sbe0121.164,164,"Einsiedeln, Stiftsbibliothek, Codex 121 (1151), page 164."
urn:cite:musicmss:sbe0121.165,165,"Einsiedeln, Stiftsbibliothek, Codex 121 (1151), page 165."
urn:cite:musicmss:sbe0121.166,166,"Einsiedeln, Stiftsbibliothek, Codex 121 (1151), page 166."
urn:cite:musicmss:sbe0121.167,167,"Einsiedeln, Stiftsbibliothek, Codex 121 (1151), page 167."
urn:cite:musicmss:sbe0121.168,168,"Einsiedeln, Stiftsbibliothek, Codex 121 (1151), page 168."
urn:cite:musicmss:sbe0121.169,169,"Einsiedeln, Stiftsbibliothek, Codex 121 (1151), page 169."
urn:cite:musicmss:sbe0121.170,170,"Einsiedeln, Stiftsbibliothek, Codex 121 (1151), page 170."
urn:cite:musicmss:sbe0121.171,171,"Einsiedeln, Stiftsbibliothek, Codex 121 (1151), page 171."
urn:cite:musicmss:sbe0121.172,172,"Einsiedeln, Stiftsbibliothek, Codex 121 (1151), page 172."
urn:cite:musicmss:sbe0121.173,173,"Einsiedeln, Stiftsbibliothek, Codex 121 (1151), page 173."
urn:cite:musicmss:sbe0121.174,174,"Einsiedeln, Stiftsbibliothek, Codex 121 (1151), page 174."
urn:cite:musicmss:sbe0121.175,175,"Einsiedeln, Stiftsbibliothek, Codex 121 (1151), page 175."
urn:cite:musicmss:sbe0121.176,176,"Einsiedeln, Stiftsbibliothek, Codex 121 (1151), page 176."
urn:cite:musicmss:sbe0121.177,177,"Einsiedeln, Stiftsbibliothek, Codex 121 (1151), page 177."
urn:cite:musicmss:sbe0121.178,178,"Einsiedeln, Stiftsbibliothek, Codex 121 (1151), page 178."
urn:cite:musicmss:sbe0121.179,179,"Einsiedeln, Stiftsbibliothek, Codex 121 (1151), page 179."
urn:cite:musicmss:sbe0121.180,180,"Einsiedeln, Stiftsbibliothek, Codex 121 (1151), page 180."
urn:cite:musicmss:sbe0121.181,181,"Einsiedeln, Stiftsbibliothek, Codex 121 (1151), page 181."
urn:cite:musicmss:sbe0121.182,182,"Einsiedeln, Stiftsbibliothek, Codex 121 (1151), page 182."
urn:cite:musicmss:sbe0121.183,183,"Einsiedeln, Stiftsbibliothek, Codex 121 (1151), page 183."
urn:cite:musicmss:sbe0121.184,184,"Einsiedeln, Stiftsbibliothek, Codex 121 (1151), page 184."
urn:cite:musicmss:sbe0121.185,185,"Einsiedeln, Stiftsbibliothek, Codex 121 (1151), page 185."
urn:cite:musicmss:sbe0121.186,186,"Einsiedeln, Stiftsbibliothek, Codex 121 (1151), page 186."
urn:cite:musicmss:sbe0121.187,187,"Einsiedeln, Stiftsbibliothek, Codex 121 (1151), page 187."
urn:cite:musicmss:sbe0121.188,188,"Einsiedeln, Stiftsbibliothek, Codex 121 (1151), page 188."
urn:cite:musicmss:sbe0121.189,189,"Einsiedeln, Stiftsbibliothek, Codex 121 (1151), page 189."
urn:cite:musicmss:sbe0121.190,190,"Einsiedeln, Stiftsbibliothek, Codex 121 (1151), page 190."
urn:cite:musicmss:sbe0121.191,191,"Einsiedeln, Stiftsbibliothek, Codex 121 (1151), page 191."
urn:cite:musicmss:sbe0121.192,192,"Einsiedeln, Stiftsbibliothek, Codex 121 (1151), page 192."
urn:cite:musicmss:sbe0121.193,193,"Einsiedeln, Stiftsbibliothek, Codex 121 (1151), page 193."
urn:cite:musicmss:sbe0121.194,194,"Einsiedeln, Stiftsbibliothek, Codex 121 (1151), page 194."
urn:cite:musicmss:sbe0121.195,195,"Einsiedeln, Stiftsbibliothek, Codex 121 (1151), page 195."
urn:cite:musicmss:sbe0121.196,196,"Einsiedeln, Stiftsbibliothek, Codex 121 (1151), page 196."
urn:cite:musicmss:sbe0121.197,197,"Einsiedeln, Stiftsbibliothek, Codex 121 (1151), page 197."
urn:cite:musicmss:sbe0121.198,198,"Einsiedeln, Stiftsbibliothek, Codex 121 (1151), page 198."
urn:cite:musicmss:sbe0121.199,199,"Einsiedeln, Stiftsbibliothek, Codex 121 (1151), page 199."
urn:cite:musicmss:sbe0121.200,200,"Einsiedeln, Stiftsbibliothek, Codex 121 (1151), page 200."
urn:cite:musicmss:sbe0121.201,201,"Einsiedeln, Stiftsbibliothek, Codex 121 (1151), page 201."
urn:cite:musicmss:sbe0121.202,202,"Einsiedeln, Stiftsbibliothek, Codex 121 (1151), page 202."
urn:cite:musicmss:sbe0121.203,203,"Einsiedeln, Stiftsbibliothek, Codex 121 (1151), page 203."
urn:cite:musicmss:sbe0121.204,204,"Einsiedeln, Stiftsbibliothek, Codex 121 (1151), page 204."
urn:cite:musicmss:sbe0121.205,205,"Einsiedeln, Stiftsbibliothek, Codex 121 (1151), page 205."
urn:cite:musicmss:sbe0121.206,206,"Einsiedeln, Stiftsbibliothek, Codex 121 (1151), page 206."
urn:cite:musicmss:sbe0121.207,207,"Einsiedeln, Stiftsbibliothek, Codex 121 (1151), page 207."
urn:cite:musicmss:sbe0121.208,208,"Einsiedeln, Stiftsbibliothek, Codex 121 (1151), page 208."
urn:cite:musicmss:sbe0121.209,209,"Einsiedeln, Stiftsbibliothek, Codex 121 (1151), page 209."
urn:cite:musicmss:sbe0121.210,210,"Einsiedeln, Stiftsbibliothek, Codex 121 (1151), page 210."
urn:cite:musicmss:sbe0121.211,211,"Einsiedeln, Stiftsbibliothek, Codex 121 (1151), page 211."
urn:cite:musicmss:sbe0121.212,212,"Einsiedeln, Stiftsbibliothek, Codex 121 (1151), page 212."
urn:cite:musicmss:sbe0121.213,213,"Einsiedeln, Stiftsbibliothek, Codex 121 (1151), page 213."
urn:cite:musicmss:sbe0121.214,214,"Einsiedeln, Stiftsbibliothek, Codex 121 (1151), page 214."
urn:cite:musicmss:sbe0121.215,215,"Einsiedeln, Stiftsbibliothek, Codex 121 (1151), page 215."
urn:cite:musicmss:sbe0121.216,216,"Einsiedeln, Stiftsbibliothek, Codex 121 (1151), page 216."
urn:cite:musicmss:sbe0121.217,217,"Einsiedeln, Stiftsbibliothek, Codex 121 (1151), page 217."
urn:cite:musicmss:sbe0121.218,218,"Einsiedeln, Stiftsbibliothek, Codex 121 (1151), page 218."
urn:cite:musicmss:sbe0121.219,219,"Einsiedeln, Stiftsbibliothek, Codex 121 (1151), page 219."
urn:cite:musicmss:sbe0121.220,220,"Einsiedeln, Stiftsbibliothek, Codex 121 (1151), page 220."
urn:cite:musicmss:sbe0121.221,221,"Einsiedeln, Stiftsbibliothek, Codex 121 (1151), page 221."
urn:cite:musicmss:sbe0121.222,222,"Einsiedeln, Stiftsbibliothek, Codex 121 (1151), page 222."
urn:cite:musicmss:sbe0121.223,223,"Einsiedeln, Stiftsbibliothek, Codex 121 (1151), page 223."
urn:cite:musicmss:sbe0121.224,224,"Einsiedeln, Stiftsbibliothek, Codex 121 (1151), page 224."
urn:cite:musicmss:sbe0121.225,225,"Einsiedeln, Stiftsbibliothek, Codex 121 (1151), page 225."
urn:cite:musicmss:sbe0121.226,226,"Einsiedeln, Stiftsbibliothek, Codex 121 (1151), page 226."
urn:cite:musicmss:sbe0121.227,227,"Einsiedeln, Stiftsbibliothek, Codex 121 (1151), page 227."
urn:cite:musicmss:sbe0121.228,228,"Einsiedeln, Stiftsbibliothek, Codex 121 (1151), page 228."
urn:cite:musicmss:sbe0121.229,229,"Einsiedeln, Stiftsbibliothek, Codex 121 (1151), page 229."
urn:cite:musicmss:sbe0121.230,230,"Einsiedeln, Stiftsbibliothek, Codex 121 (1151), page 230."
urn:cite:musicmss:sbe0121.231,231,"Einsiedeln, Stiftsbibliothek, Codex 121 (1151), page 231."
urn:cite:musicmss:sbe0121.232,232,"Einsiedeln, Stiftsbibliothek, Codex 121 (1151), page 232."
urn:cite:musicmss:sbe0121.233,233,"Einsiedeln, Stiftsbibliothek, Codex 121 (1151), page 233."
urn:cite:musicmss:sbe0121.234,234,"Einsiedeln, Stiftsbibliothek, Codex 121 (1151), page 234."
urn:cite:musicmss:sbe0121.235,235,"Einsiedeln, Stiftsbibliothek, Codex 121 (1151), page 235."
urn:cite:musicmss:sbe0121.236,236,"Einsiedeln, Stiftsbibliothek, Codex 121 (1151), page 236."
urn:cite:musicmss:sbe0121.237,237,"Einsiedeln, Stiftsbibliothek, Codex 121 (1151), page 237."
urn:cite:musicmss:sbe0121.238,238,"Einsiedeln, Stiftsbibliothek, Codex 121 (1151), page 238."
urn:cite:musicmss:sbe0121.239,239,"Einsiedeln, Stiftsbibliothek, Codex 121 (1151), page 239."
urn:cite:musicmss:sbe0121.240,240,"Einsiedeln, Stiftsbibliothek, Codex 121 (1151), page 240."
urn:cite:musicmss:sbe0121.241,241,"Einsiedeln, Stiftsbibliothek, Codex 121 (1151), page 241."
urn:cite:musicmss:sbe0121.242,242,"Einsiedeln, Stiftsbibliothek, Codex 121 (1151), page 242."
urn:cite:musicmss:sbe0121.243,243,"Einsiedeln, Stiftsbibliothek, Codex 121 (1151), page 243."
urn:cite:musicmss:sbe0121.244,244,"Einsiedeln, Stiftsbibliothek, Codex 121 (1151), page 244."
urn:cite:musicmss:sbe0121.245,245,"Einsiedeln, Stiftsbibliothek, Codex 121 (1151), page 245."
urn:cite:musicmss:sbe0121.246,246,"Einsiedeln, Stiftsbibliothek, Codex 121 (1151), page 246."
urn:cite:musicmss:sbe0121.247,247,"Einsiedeln, Stiftsbibliothek, Codex 121 (1151), page 247."
urn:cite:musicmss:sbe0121.248,248,"Einsiedeln, Stiftsbibliothek, Codex 121 (1151), page 248."
urn:cite:musicmss:sbe0121.249,249,"Einsiedeln, Stiftsbibliothek, Codex 121 (1151), page 249."
urn:cite:musicmss:sbe0121.250,250,"Einsiedeln, Stiftsbibliothek, Codex 121 (1151), page 250."
urn:cite:musicmss:sbe0121.251,251,"Einsiedeln, Stiftsbibliothek, Codex 121 (1151), page 251."
urn:cite:musicmss:sbe0121.252,252,"Einsiedeln, Stiftsbibliothek, Codex 121 (1151), page 252."
urn:cite:musicmss:sbe0121.253,253,"Einsiedeln, Stiftsbibliothek, Codex 121 (1151), page 253."
urn:cite:musicmss:sbe0121.254,254,"Einsiedeln, Stiftsbibliothek, Codex 121 (1151), page 254."
urn:cite:musicmss:sbe0121.255,255,"Einsiedeln, Stiftsbibliothek, Codex 121 (1151), page 255."
urn:cite:musicmss:sbe0121.256,256,"Einsiedeln, Stiftsbibliothek, Codex 121 (1151), page 256."
urn:cite:musicmss:sbe0121.257,257,"Einsiedeln, Stiftsbibliothek, Codex 121 (1151), page 257."
urn:cite:musicmss:sbe0121.258,258,"Einsiedeln, Stiftsbibliothek, Codex 121 (1151), page 258."
urn:cite:musicmss:sbe0121.259,259,"Einsiedeln, Stiftsbibliothek, Codex 121 (1151), page 259."
urn:cite:musicmss:sbe0121.260,260,"Einsiedeln, Stiftsbibliothek, Codex 121 (1151), page 260."
urn:cite:musicmss:sbe0121.261,261,"Einsiedeln, Stiftsbibliothek, Codex 121 (1151), page 261."
urn:cite:musicmss:sbe0121.262,262,"Einsiedeln, Stiftsbibliothek, Codex 121 (1151), page 262."
urn:cite:musicmss:sbe0121.263,263,"Einsiedeln, Stiftsbibliothek, Codex 121 (1151), page 263."
urn:cite:musicmss:sbe0121.264,264,"Einsiedeln, Stiftsbibliothek, Codex 121 (1151), page 264."
urn:cite:musicmss:sbe0121.265,265,"Einsiedeln, Stiftsbibliothek, Codex 121 (1151), page 265."
urn:cite:musicmss:sbe0121.266,266,"Einsiedeln, Stiftsbibliothek, Codex 121 (1151), page 266."
urn:cite:musicmss:sbe0121.267,267,"Einsiedeln, Stiftsbibliothek, Codex 121 (1151), page 267."
urn:cite:musicmss:sbe0121.268,268,"Einsiedeln, Stiftsbibliothek, Codex 121 (1151), page 268."
urn:cite:musicmss:sbe0121.269,269,"Einsiedeln, Stiftsbibliothek, Codex 121 (1151), page 269."
urn:cite:musicmss:sbe0121.270,270,"Einsiedeln, Stiftsbibliothek, Codex 121 (1151), page 270."
urn:cite:musicmss:sbe0121.271,271,"Einsiedeln, Stiftsbibliothek, Codex 121 (1151), page 271."
urn:cite:musicmss:sbe0121.272,272,"Einsiedeln, Stiftsbibliothek, Codex 121 (1151), page 272."
urn:cite:musicmss:sbe0121.273,273,"Einsiedeln, Stiftsbibliothek, Codex 121 (1151), page 273."
urn:cite:musicmss:sbe0121.274,274,"Einsiedeln, Stiftsbibliothek, Codex 121 (1151), page 274."
urn:cite:musicmss:sbe0121.275,275,"Einsiedeln, Stiftsbibliothek, Codex 121 (1151), page 275."
urn:cite:musicmss:sbe0121.276,276,"Einsiedeln, Stiftsbibliothek, Codex 121 (1151), page 276."
urn:cite:musicmss:sbe0121.277,277,"Einsiedeln, Stiftsbibliothek, Codex 121 (1151), page 277."
urn:cite:musicmss:sbe0121.278,278,"Einsiedeln, Stiftsbibliothek, Codex 121 (1151), page 278."
urn:cite:musicmss:sbe0121.279,279,"Einsiedeln, Stiftsbibliothek, Codex 121 (1151), page 279."
urn:cite:musicmss:sbe0121.280,280,"Einsiedeln, Stiftsbibliothek, Codex 121 (1151), page 280."
urn:cite:musicmss:sbe0121.281,281,"Einsiedeln, Stiftsbibliothek, Codex 121 (1151), page 281."
urn:cite:musicmss:sbe0121.282,282,"Einsiedeln, Stiftsbibliothek, Codex 121 (1151), page 282."
urn:cite:musicmss:sbe0121.283,283,"Einsiedeln, Stiftsbibliothek, Codex 121 (1151), page 283."
urn:cite:musicmss:sbe0121.284,284,"Einsiedeln, Stiftsbibliothek, Codex 121 (1151), page 284."
urn:cite:musicmss:sbe0121.285,285,"Einsiedeln, Stiftsbibliothek, Codex 121 (1151), page 285."
urn:cite:musicmss:sbe0121.286,286,"Einsiedeln, Stiftsbibliothek, Codex 121 (1151), page 286."
urn:cite:musicmss:sbe0121.287,287,"Einsiedeln, Stiftsbibliothek, Codex 121 (1151), page 287."
urn:cite:musicmss:sbe0121.288,288,"Einsiedeln, Stiftsbibliothek, Codex 121 (1151), page 288."
urn:cite:musicmss:sbe0121.289,289,"Einsiedeln, Stiftsbibliothek, Codex 121 (1151), page 289."
urn:cite:musicmss:sbe0121.290,290,"Einsiedeln, Stiftsbibliothek, Codex 121 (1151), page 290."
urn:cite:musicmss:sbe0121.291,291,"Einsiedeln, Stiftsbibliothek, Codex 121 (1151), page 291."
urn:cite:musicmss:sbe0121.292,292,"Einsiedeln, Stiftsbibliothek, Codex 121 (1151), page 292."
urn:cite:musicmss:sbe0121.293,293,"Einsiedeln, Stiftsbibliothek, Codex 121 (1151), page 293."
urn:cite:musicmss:sbe0121.294,294,"Einsiedeln, Stiftsbibliothek, Codex 121 (1151), page 294."
urn:cite:musicmss:sbe0121.295,295,"Einsiedeln, Stiftsbibliothek, Codex 121 (1151), page 295."
urn:cite:musicmss:sbe0121.296,296,"Einsiedeln, Stiftsbibliothek, Codex 121 (1151), page 296."
urn:cite:musicmss:sbe0121.297,297,"Einsiedeln, Stiftsbibliothek, Codex 121 (1151), page 297."
urn:cite:musicmss:sbe0121.298,298,"Einsiedeln, Stiftsbibliothek, Codex 121 (1151), page 298."
urn:cite:musicmss:sbe0121.299,299,"Einsiedeln, Stiftsbibliothek, Codex 121 (1151), page 299."
urn:cite:musicmss:sbe0121.300,300,"Einsiedeln, Stiftsbibliothek, Codex 121 (1151), page 300."
urn:cite:musicmss:sbe0121.301,301,"Einsiedeln, Stiftsbibliothek, Codex 121 (1151), page 301."
urn:cite:musicmss:sbe0121.302,302,"Einsiedeln, Stiftsbibliothek, Codex 121 (1151), page 302."
urn:cite:musicmss:sbe0121.303,303,"Einsiedeln, Stiftsbibliothek, Codex 121 (1151), page 303."
urn:cite:musicmss:sbe0121.304,304,"Einsiedeln, Stiftsbibliothek, Codex 121 (1151), page 304."
urn:cite:musicmss:sbe0121.305,305,"Einsiedeln, Stiftsbibliothek, Codex 121 (1151), page 305."
urn:cite:musicmss:sbe0121.306,306,"Einsiedeln, Stiftsbibliothek, Codex 121 (1151), page 306."
urn:cite:musicmss:sbe0121.307,307,"Einsiedeln, Stiftsbibliothek, Codex 121 (1151), page 307."
urn:cite:musicmss:sbe0121.308,308,"Einsiedeln, Stiftsbibliothek, Codex 121 (1151), page 308."
urn:cite:musicmss:sbe0121.309,309,"Einsiedeln, Stiftsbibliothek, Codex 121 (1151), page 309."
urn:cite:musicmss:sbe0121.310,310,"Einsiedeln, Stiftsbibliothek, Codex 121 (1151), page 310."
urn:cite:musicmss:sbe0121.311,311,"Einsiedeln, Stiftsbibliothek, Codex 121 (1151), page 311."
urn:cite:musicmss:sbe0121.312,312,"Einsiedeln, Stiftsbibliothek, Codex 121 (1151), page 312."
urn:cite:musicmss:sbe0121.313,313,"Einsiedeln, Stiftsbibliothek, Codex 121 (1151), page 313."
urn:cite:musicmss:sbe0121.314,314,"Einsiedeln, Stiftsbibliothek, Codex 121 (1151), page 314."
urn:cite:musicmss:sbe0121.315,315,"Einsiedeln, Stiftsbibliothek, Codex 121 (1151), page 315."
urn:cite:musicmss:sbe0121.316,316,"Einsiedeln, Stiftsbibliothek, Codex 121 (1151), page 316."
urn:cite:musicmss:sbe0121.317,317,"Einsiedeln, Stiftsbibliothek, Codex 121 (1151), page 317."
urn:cite:musicmss:sbe0121.318,318,"Einsiedeln, Stiftsbibliothek, Codex 121 (1151), page 318."
urn:cite:musicmss:sbe0121.319,319,"Einsiedeln, Stiftsbibliothek, Codex 121 (1151), page 319."
urn:cite:musicmss:sbe0121.320,320,"Einsiedeln, Stiftsbibliothek, Codex 121 (1151), page 320."
urn:cite:musicmss:sbe0121.321,321,"Einsiedeln, Stiftsbibliothek, Codex 121 (1151), page 321."
urn:cite:musicmss:sbe0121.322,322,"Einsiedeln, Stiftsbibliothek, Codex 121 (1151), page 322."
urn:cite:musicmss:sbe0121.323,323,"Einsiedeln, Stiftsbibliothek, Codex 121 (1151), page 323."
urn:cite:musicmss:sbe0121.324,324,"Einsiedeln, Stiftsbibliothek, Codex 121 (1151), page 324."
urn:cite:musicmss:sbe0121.325,325,"Einsiedeln, Stiftsbibliothek, Codex 121 (1151), page 325."
urn:cite:musicmss:sbe0121.326,326,"Einsiedeln, Stiftsbibliothek, Codex 121 (1151), page 326."
urn:cite:musicmss:sbe0121.327,327,"Einsiedeln, Stiftsbibliothek, Codex 121 (1151), page 327."
urn:cite:musicmss:sbe0121.328,328,"Einsiedeln, Stiftsbibliothek, Codex 121 (1151), page 328."
urn:cite:musicmss:sbe0121.329,329,"Einsiedeln, Stiftsbibliothek, Codex 121 (1151), page 329."
urn:cite:musicmss:sbe0121.330,330,"Einsiedeln, Stiftsbibliothek, Codex 121 (1151), page 330."
urn:cite:musicmss:sbe0121.331,331,"Einsiedeln, Stiftsbibliothek, Codex 121 (1151), page 331."
urn:cite:musicmss:sbe0121.332,332,"Einsiedeln, Stiftsbibliothek, Codex 121 (1151), page 332."
urn:cite:musicmss:sbe0121.333,333,"Einsiedeln, Stiftsbibliothek, Codex 121 (1151), page 333."
urn:cite:musicmss:sbe0121.334,334,"Einsiedeln, Stiftsbibliothek, Codex 121 (1151), page 334."
urn:cite:musicmss:sbe0121.335,335,"Einsiedeln, Stiftsbibliothek, Codex 121 (1151), page 335."
urn:cite:musicmss:sbe0121.336,336,"Einsiedeln, Stiftsbibliothek, Codex 121 (1151), page 336."
urn:cite:musicmss:sbe0121.337,337,"Einsiedeln, Stiftsbibliothek, Codex 121 (1151), page 337."
urn:cite:musicmss:sbe0121.338,338,"Einsiedeln, Stiftsbibliothek, Codex 121 (1151), page 338."
urn:cite:musicmss:sbe0121.339,339,"Einsiedeln, Stiftsbibliothek, Codex 121 (1151), page 339."
urn:cite:musicmss:sbe0121.340,340,"Einsiedeln, Stiftsbibliothek, Codex 121 (1151), page 340."
urn:cite:musicmss:sbe0121.341,341,"Einsiedeln, Stiftsbibliothek, Codex 121 (1151), page 341."
urn:cite:musicmss:sbe0121.342,342,"Einsiedeln, Stiftsbibliothek, Codex 121 (1151), page 342."
urn:cite:musicmss:sbe0121.343,343,"Einsiedeln, Stiftsbibliothek, Codex 121 (1151), page 343."
urn:cite:musicmss:sbe0121.344,344,"Einsiedeln, Stiftsbibliothek, Codex 121 (1151), page 344."
urn:cite:musicmss:sbe0121.345,345,"Einsiedeln, Stiftsbibliothek, Codex 121 (1151), page 345."
urn:cite:musicmss:sbe0121.346,346,"Einsiedeln, Stiftsbibliothek, Codex 121 (1151), page 346."
urn:cite:musicmss:sbe0121.347,347,"Einsiedeln, Stiftsbibliothek, Codex 121 (1151), page 347."
urn:cite:musicmss:sbe0121.348,348,"Einsiedeln, Stiftsbibliothek, Codex 121 (1151), page 348."
urn:cite:musicmss:sbe0121.349,349,"Einsiedeln, Stiftsbibliothek, Codex 121 (1151), page 349."
urn:cite:musicmss:sbe0121.350,350,"Einsiedeln, Stiftsbibliothek, Codex 121 (1151), page 350."
urn:cite:musicmss:sbe0121.351,351,"Einsiedeln, Stiftsbibliothek, Codex 121 (1151), page 351."
urn:cite:musicmss:sbe0121.352,352,"Einsiedeln, Stiftsbibliothek, Codex 121 (1151), page 352."
urn:cite:musicmss:sbe0121.353,353,"Einsiedeln, Stiftsbibliothek, Codex 121 (1151), page 353."
urn:cite:musicmss:sbe0121.354,354,"Einsiedeln, Stiftsbibliothek, Codex 121 (1151), page 354."
urn:cite:musicmss:sbe0121.355,355,"Einsiedeln, Stiftsbibliothek, Codex 121 (1151), page 355."
urn:cite:musicmss:sbe0121.356,356,"Einsiedeln, Stiftsbibliothek, Codex 121 (1151), page 356."
urn:cite:musicmss:sbe0121.357,357,"Einsiedeln, Stiftsbibliothek, Codex 121 (1151), page 357."
urn:cite:musicmss:sbe0121.358,358,"Einsiedeln, Stiftsbibliothek, Codex 121 (1151), page 358."
urn:cite:musicmss:sbe0121.359,359,"Einsiedeln, Stiftsbibliothek, Codex 121 (1151), page 359."
urn:cite:musicmss:sbe0121.360,360,"Einsiedeln, Stiftsbibliothek, Codex 121 (1151), page 360."
urn:cite:musicmss:sbe0121.361,361,"Einsiedeln, Stiftsbibliothek, Codex 121 (1151), page 361."
urn:cite:musicmss:sbe0121.362,362,"Einsiedeln, Stiftsbibliothek, Codex 121 (1151), page 362."
urn:cite:musicmss:sbe0121.363,363,"Einsiedeln, Stiftsbibliothek, Codex 121 (1151), page 363."
urn:cite:musicmss:sbe0121.364,364,"Einsiedeln, Stiftsbibliothek, Codex 121 (1151), page 364."
urn:cite:musicmss:sbe0121.365,365,"Einsiedeln, Stiftsbibliothek, Codex 121 (1151), page 365."
urn:cite:musicmss:sbe0121.366,366,"Einsiedeln, Stiftsbibliothek, Codex 121 (1151), page 366."
urn:cite:musicmss:sbe0121.367,367,"Einsiedeln, Stiftsbibliothek, Codex 121 (1151), page 367."
urn:cite:musicmss:sbe0121.368,368,"Einsiedeln, Stiftsbibliothek, Codex 121 (1151), page 368."
urn:cite:musicmss:sbe0121.369,369,"Einsiedeln, Stiftsbibliothek, Codex 121 (1151), page 369."
urn:cite:musicmss:sbe0121.370,370,"Einsiedeln, Stiftsbibliothek, Codex 121 (1151), page 370."
urn:cite:musicmss:sbe0121.371,371,"Einsiedeln, Stiftsbibliothek, Codex 121 (1151), page 371."
urn:cite:musicmss:sbe0121.372,372,"Einsiedeln, Stiftsbibliothek, Codex 121 (1151), page 372."
urn:cite:musicmss:sbe0121.373,373,"Einsiedeln, Stiftsbibliothek, Codex 121 (1151), page 373."
urn:cite:musicmss:sbe0121.374,374,"Einsiedeln, Stiftsbibliothek, Codex 121 (1151), page 374."
urn:cite:musicmss:sbe0121.375,375,"Einsiedeln, Stiftsbibliothek, Codex 121 (1151), page 375."
urn:cite:musicmss:sbe0121.376,376,"Einsiedeln, Stiftsbibliothek, Codex 121 (1151), page 376."
urn:cite:musicmss:sbe0121.377,377,"Einsiedeln, Stiftsbibliothek, Codex 121 (1151), page 377."
urn:cite:musicmss:sbe0121.378,378,"Einsiedeln, Stiftsbibliothek, Codex 121 (1151), page 378."
urn:cite:musicmss:sbe0121.379,379,"Einsiedeln, Stiftsbibliothek, Codex 121 (1151), page 379."
urn:cite:musicmss:sbe0121.380,380,"Einsiedeln, Stiftsbibliothek, Codex 121 (1151), page 380."
urn:cite:musicmss:sbe0121.381,381,"Einsiedeln, Stiftsbibliothek, Codex 121 (1151), page 381."
urn:cite:musicmss:sbe0121.382,382,"Einsiedeln, Stiftsbibliothek, Codex 121 (1151), page 382."
urn:cite:musicmss:sbe0121.383,383,"Einsiedeln, Stiftsbibliothek, Codex 121 (1151), page 383."
urn:cite:musicmss:sbe0121.384,384,"Einsiedeln, Stiftsbibliothek, Codex 121 (1151), page 384."
urn:cite:musicmss:sbe0121.385,385,"Einsiedeln, Stiftsbibliothek, Codex 121 (1151), page 385."
urn:cite:musicmss:sbe0121.386,386,"Einsiedeln, Stiftsbibliothek, Codex 121 (1151), page 386."
urn:cite:musicmss:sbe0121.387,387,"Einsiedeln, Stiftsbibliothek, Codex 121 (1151), page 387."
urn:cite:musicmss:sbe0121.388,388,"Einsiedeln, Stiftsbibliothek, Codex 121 (1151), page 388."
urn:cite:musicmss:sbe0121.389,389,"Einsiedeln, Stiftsbibliothek, Codex 121 (1151), page 389."
urn:cite:musicmss:sbe0121.390,390,"Einsiedeln, Stiftsbibliothek, Codex 121 (1151), page 390."
urn:cite:musicmss:sbe0121.391,391,"Einsiedeln, Stiftsbibliothek, Codex 121 (1151), page 391."
urn:cite:musicmss:sbe0121.392,392,"Einsiedeln, Stiftsbibliothek, Codex 121 (1151), page 392."
urn:cite:musicmss:sbe0121.393,393,"Einsiedeln, Stiftsbibliothek, Codex 121 (1151), page 393."
urn:cite:musicmss:sbe0121.394,394,"Einsiedeln, Stiftsbibliothek, Codex 121 (1151), page 394."
urn:cite:musicmss:sbe0121.395,395,"Einsiedeln, Stiftsbibliothek, Codex 121 (1151), page 395."
urn:cite:musicmss:sbe0121.396,396,"Einsiedeln, Stiftsbibliothek, Codex 121 (1151), page 396."
urn:cite:musicmss:sbe0121.397,397,"Einsiedeln, Stiftsbibliothek, Codex 121 (1151), page 397."
urn:cite:musicmss:sbe0121.398,398,"Einsiedeln, Stiftsbibliothek, Codex 121 (1151), page 398."
urn:cite:musicmss:sbe0121.399,399,"Einsiedeln, Stiftsbibliothek, Codex 121 (1151), page 399."
urn:cite:musicmss:sbe0121.400,400,"Einsiedeln, Stiftsbibliothek, Codex 121 (1151), page 400."
urn:cite:musicmss:sbe0121.401,401,"Einsiedeln, Stiftsbibliothek, Codex 121 (1151), page 401."
urn:cite:musicmss:sbe0121.402,402,"Einsiedeln, Stiftsbibliothek, Codex 121 (1151), page 402."
urn:cite:musicmss:sbe0121.403,403,"Einsiedeln, Stiftsbibliothek, Codex 121 (1151), page 403."
urn:cite:musicmss:sbe0121.404,404,"Einsiedeln, Stiftsbibliothek, Codex 121 (1151), page 404."
urn:cite:musicmss:sbe0121.405,405,"Einsiedeln, Stiftsbibliothek, Codex 121 (1151), page 405."
urn:cite:musicmss:sbe0121.406,406,"Einsiedeln, Stiftsbibliothek, Codex 121 (1151), page 406."
urn:cite:musicmss:sbe0121.407,407,"Einsiedeln, Stiftsbibliothek, Codex 121 (1151), page 407."
urn:cite:musicmss:sbe0121.408,408,"Einsiedeln, Stiftsbibliothek, Codex 121 (1151), page 408."
urn:cite:musicmss:sbe0121.409,409,"Einsiedeln, Stiftsbibliothek, Codex 121 (1151), page 409."
urn:cite:musicmss:sbe0121.410,410,"Einsiedeln, Stiftsbibliothek, Codex 121 (1151), page 410."
urn:cite:musicmss:sbe0121.411,411,"Einsiedeln, Stiftsbibliothek, Codex 121 (1151), page 411."
urn:cite:musicmss:sbe0121.412,412,"Einsiedeln, Stiftsbibliothek, Codex 121 (1151), page 412."
urn:cite:musicmss:sbe0121.413,413,"Einsiedeln, Stiftsbibliothek, Codex 121 (1151), page 413."
urn:cite:musicmss:sbe0121.414,414,"Einsiedeln, Stiftsbibliothek, Codex 121 (1151), page 414."
urn:cite:musicmss:sbe0121.415,415,"Einsiedeln, Stiftsbibliothek, Codex 121 (1151), page 415."
urn:cite:musicmss:sbe0121.416,416,"Einsiedeln, Stiftsbibliothek, Codex 121 (1151), page 416."
urn:cite:musicmss:sbe0121.417,417,"Einsiedeln, Stiftsbibliothek, Codex 121 (1151), page 417."
urn:cite:musicmss:sbe0121.418,418,"Einsiedeln, Stiftsbibliothek, Codex 121 (1151), page 418."
urn:cite:musicmss:sbe0121.419,419,"Einsiedeln, Stiftsbibliothek, Codex 121 (1151), page 419."
urn:cite:musicmss:sbe0121.420,420,"Einsiedeln, Stiftsbibliothek, Codex 121 (1151), page 420."
urn:cite:musicmss:sbe0121.421,421,"Einsiedeln, Stiftsbibliothek, Codex 121 (1151), page 421."
urn:cite:musicmss:sbe0121.422,422,"Einsiedeln, Stiftsbibliothek, Codex 121 (1151), page 422."
urn:cite:musicmss:sbe0121.423,423,"Einsiedeln, Stiftsbibliothek, Codex 121 (1151), page 423."
urn:cite:musicmss:sbe0121.424,424,"Einsiedeln, Stiftsbibliothek, Codex 121 (1151), page 424."
urn:cite:musicmss:sbe0121.425,425,"Einsiedeln, Stiftsbibliothek, Codex 121 (1151), page 425."
urn:cite:musicmss:sbe0121.426,426,"Einsiedeln, Stiftsbibliothek, Codex 121 (1151), page 426."
urn:cite:musicmss:sbe0121.427,427,"Einsiedeln, Stiftsbibliothek, Codex 121 (1151), page 427."
urn:cite:musicmss:sbe0121.428,428,"Einsiedeln, Stiftsbibliothek, Codex 121 (1151), page 428."
urn:cite:musicmss:sbe0121.429,429,"Einsiedeln, Stiftsbibliothek, Codex 121 (1151), page 429."
urn:cite:musicmss:sbe0121.430,430,"Einsiedeln, Stiftsbibliothek, Codex 121 (1151), page 430."
urn:cite:musicmss:sbe0121.431,431,"Einsiedeln, Stiftsbibliothek, Codex 121 (1151), page 431."
urn:cite:musicmss:sbe0121.432,432,"Einsiedeln, Stiftsbibliothek, Codex 121 (1151), page 432."
urn:cite:musicmss:sbe0121.433,433,"Einsiedeln, Stiftsbibliothek, Codex 121 (1151), page 433."
urn:cite:musicmss:sbe0121.434,434,"Einsiedeln, Stiftsbibliothek, Codex 121 (1151), page 434."
urn:cite:musicmss:sbe0121.435,435,"Einsiedeln, Stiftsbibliothek, Codex 121 (1151), page 435."
urn:cite:musicmss:sbe0121.436,436,"Einsiedeln, Stiftsbibliothek, Codex 121 (1151), page 436."
urn:cite:musicmss:sbe0121.437,437,"Einsiedeln, Stiftsbibliothek, Codex 121 (1151), page 437."
urn:cite:musicmss:sbe0121.438,438,"Einsiedeln, Stiftsbibliothek, Codex 121 (1151), page 438."
urn:cite:musicmss:sbe0121.439,439,"Einsiedeln, Stiftsbibliothek, Codex 121 (1151), page 439."
urn:cite:musicmss:sbe0121.440,440,"Einsiedeln, Stiftsbibliothek, Codex 121 (1151), page 440."
urn:cite:musicmss:sbe0121.441,441,"Einsiedeln, Stiftsbibliothek, Codex 121 (1151), page 441."
urn:cite:musicmss:sbe0121.442,442,"Einsiedeln, Stiftsbibliothek, Codex 121 (1151), page 442."
urn:cite:musicmss:sbe0121.443,443,"Einsiedeln, Stiftsbibliothek, Codex 121 (1151), page 443."
urn:cite:musicmss:sbe0121.444,444,"Einsiedeln, Stiftsbibliothek, Codex 121 (1151), page 444."
urn:cite:musicmss:sbe0121.445,445,"Einsiedeln, Stiftsbibliothek, Codex 121 (1151), page 445."
urn:cite:musicmss:sbe0121.446,446,"Einsiedeln, Stiftsbibliothek, Codex 121 (1151), page 446."
urn:cite:musicmss:sbe0121.447,447,"Einsiedeln, Stiftsbibliothek, Codex 121 (1151), page 447."
urn:cite:musicmss:sbe0121.448,448,"Einsiedeln, Stiftsbibliothek, Codex 121 (1151), page 448."
urn:cite:musicmss:sbe0121.449,449,"Einsiedeln, Stiftsbibliothek, Codex 121 (1151), page 449."
urn:cite:musicmss:sbe0121.450,450,"Einsiedeln, Stiftsbibliothek, Codex 121 (1151), page 450."
urn:cite:musicmss:sbe0121.451,451,"Einsiedeln, Stiftsbibliothek, Codex 121 (1151), page 451."
urn:cite:musicmss:sbe0121.452,452,"Einsiedeln, Stiftsbibliothek, Codex 121 (1151), page 452."
urn:cite:musicmss:sbe0121.453,453,"Einsiedeln, Stiftsbibliothek, Codex 121 (1151), page 453."
urn:cite:musicmss:sbe0121.454,454,"Einsiedeln, Stiftsbibliothek, Codex 121 (1151), page 454."
urn:cite:musicmss:sbe0121.455,455,"Einsiedeln, Stiftsbibliothek, Codex 121 (1151), page 455."
urn:cite:musicmss:sbe0121.456,456,"Einsiedeln, Stiftsbibliothek, Codex 121 (1151), page 456."
urn:cite:musicmss:sbe0121.457,457,"Einsiedeln, Stiftsbibliothek, Codex 121 (1151), page 457."
urn:cite:musicmss:sbe0121.458,458,"Einsiedeln, Stiftsbibliothek, Codex 121 (1151), page 458."
urn:cite:musicmss:sbe0121.459,459,"Einsiedeln, Stiftsbibliothek, Codex 121 (1151), page 459."
urn:cite:musicmss:sbe0121.460,460,"Einsiedeln, Stiftsbibliothek, Codex 121 (1151), page 460."
urn:cite:musicmss:sbe0121.461,461,"Einsiedeln, Stiftsbibliothek, Codex 121 (1151), page 461."
urn:cite:musicmss:sbe0121.462,462,"Einsiedeln, Stiftsbibliothek, Codex 121 (1151), page 462."
urn:cite:musicmss:sbe0121.463,463,"Einsiedeln, Stiftsbibliothek, Codex 121 (1151), page 463."
urn:cite:musicmss:sbe0121.464,464,"Einsiedeln, Stiftsbibliothek, Codex 121 (1151), page 464."
urn:cite:musicmss:sbe0121.465,465,"Einsiedeln, Stiftsbibliothek, Codex 121 (1151), page 465."
urn:cite:musicmss:sbe0121.466,466,"Einsiedeln, Stiftsbibliothek, Codex 121 (1151), page 466."
urn:cite:musicmss:sbe0121.467,467,"Einsiedeln, Stiftsbibliothek, Codex 121 (1151), page 467."
urn:cite:musicmss:sbe0121.468,468,"Einsiedeln, Stiftsbibliothek, Codex 121 (1151), page 468."
urn:cite:musicmss:sbe0121.469,469,"Einsiedeln, Stiftsbibliothek, Codex 121 (1151), page 469."
urn:cite:musicmss:sbe0121.470,470,"Einsiedeln, Stiftsbibliothek, Codex 121 (1151), page 470."
urn:cite:musicmss:sbe0121.471,471,"Einsiedeln, Stiftsbibliothek, Codex 121 (1151), page 471."
urn:cite:musicmss:sbe0121.472,472,"Einsiedeln, Stiftsbibliothek, Codex 121 (1151), page 472."
urn:cite:musicmss:sbe0121.473,473,"Einsiedeln, Stiftsbibliothek, Codex 121 (1151), page 473."
urn:cite:musicmss:sbe0121.474,474,"Einsiedeln, Stiftsbibliothek, Codex 121 (1151), page 474."
urn:cite:musicmss:sbe0121.475,475,"Einsiedeln, Stiftsbibliothek, Codex 121 (1151), page 475."
urn:cite:musicmss:sbe0121.476,476,"Einsiedeln, Stiftsbibliothek, Codex 121 (1151), page 476."
urn:cite:musicmss:sbe0121.477,477,"Einsiedeln, Stiftsbibliothek, Codex 121 (1151), page 477."
urn:cite:musicmss:sbe0121.478,478,"Einsiedeln, Stiftsbibliothek, Codex 121 (1151), page 478."
urn:cite:musicmss:sbe0121.479,479,"Einsiedeln, Stiftsbibliothek, Codex 121 (1151), page 479."
urn:cite:musicmss:sbe0121.480,480,"Einsiedeln, Stiftsbibliothek, Codex 121 (1151), page 480."
urn:cite:musicmss:sbe0121.481,481,"Einsiedeln, Stiftsbibliothek, Codex 121 (1151), page 481."
urn:cite:musicmss:sbe0121.482,482,"Einsiedeln, Stiftsbibliothek, Codex 121 (1151), page 482."
urn:cite:musicmss:sbe0121.483,483,"Einsiedeln, Stiftsbibliothek, Codex 121 (1151), page 483."
urn:cite:musicmss:sbe0121.484,484,"Einsiedeln, Stiftsbibliothek, Codex 121 (1151), page 484."
urn:cite:musicmss:sbe0121.485,485,"Einsiedeln, Stiftsbibliothek, Codex 121 (1151), page 485."
urn:cite:musicmss:sbe0121.486,486,"Einsiedeln, Stiftsbibliothek, Codex 121 (1151), page 486."
urn:cite:musicmss:sbe0121.487,487,"Einsiedeln, Stiftsbibliothek, Codex 121 (1151), page 487."
urn:cite:musicmss:sbe0121.488,488,"Einsiedeln, Stiftsbibliothek, Codex 121 (1151), page 488."
urn:cite:musicmss:sbe0121.489,489,"Einsiedeln, Stiftsbibliothek, Codex 121 (1151), page 489."
urn:cite:musicmss:sbe0121.490,490,"Einsiedeln, Stiftsbibliothek, Codex 121 (1151), page 490."
urn:cite:musicmss:sbe0121.491,491,"Einsiedeln, Stiftsbibliothek, Codex 121 (1151), page 491."
urn:cite:musicmss:sbe0121.492,492,"Einsiedeln, Stiftsbibliothek, Codex 121 (1151), page 492."
urn:cite:musicmss:sbe0121.493,493,"Einsiedeln, Stiftsbibliothek, Codex 121 (1151), page 493."
urn:cite:musicmss:sbe0121.494,494,"Einsiedeln, Stiftsbibliothek, Codex 121 (1151), page 494."
urn:cite:musicmss:sbe0121.495,495,"Einsiedeln, Stiftsbibliothek, Codex 121 (1151), page 495."
urn:cite:musicmss:sbe0121.496,496,"Einsiedeln, Stiftsbibliothek, Codex 121 (1151), page 496."
urn:cite:musicmss:sbe0121.497,497,"Einsiedeln, Stiftsbibliothek, Codex 121 (1151), page 497."
urn:cite:musicmss:sbe0121.498,498,"Einsiedeln, Stiftsbibliothek, Codex 121 (1151), page 498."
urn:cite:musicmss:sbe0121.499,499,"Einsiedeln, Stiftsbibliothek, Codex 121 (1151), page 499."
urn:cite:musicmss:sbe0121.500,500,"Einsiedeln, Stiftsbibliothek, Codex 121 (1151), page 500."
urn:cite:musicmss:sbe0121.501,501,"Einsiedeln, Stiftsbibliothek, Codex 121 (1151), page 501."
urn:cite:musicmss:sbe0121.502,502,"Einsiedeln, Stiftsbibliothek, Codex 121 (1151), page 502."
urn:cite:musicmss:sbe0121.503,503,"Einsiedeln, Stiftsbibliothek, Codex 121 (1151), page 503."
urn:cite:musicmss:sbe0121.504,504,"Einsiedeln, Stiftsbibliothek, Codex 121 (1151), page 504."
urn:cite:musicmss:sbe0121.505,505,"Einsiedeln, Stiftsbibliothek, Codex 121 (1151), page 505."
urn:cite:musicmss:sbe0121.506,506,"Einsiedeln, Stiftsbibliothek, Codex 121 (1151), page 506."
urn:cite:musicmss:sbe0121.507,507,"Einsiedeln, Stiftsbibliothek, Codex 121 (1151), page 507."
urn:cite:musicmss:sbe0121.508,508,"Einsiedeln, Stiftsbibliothek, Codex 121 (1151), page 508."
urn:cite:musicmss:sbe0121.509,509,"Einsiedeln, Stiftsbibliothek, Codex 121 (1151), page 509."
urn:cite:musicmss:sbe0121.510,510,"Einsiedeln, Stiftsbibliothek, Codex 121 (1151), page 510."
urn:cite:musicmss:sbe0121.511,511,"Einsiedeln, Stiftsbibliothek, Codex 121 (1151), page 511."
urn:cite:musicmss:sbe0121.512,512,"Einsiedeln, Stiftsbibliothek, Codex 121 (1151), page 512."
urn:cite:musicmss:sbe0121.513,513,"Einsiedeln, Stiftsbibliothek, Codex 121 (1151), page 513."
urn:cite:musicmss:sbe0121.514,514,"Einsiedeln, Stiftsbibliothek, Codex 121 (1151), page 514."
urn:cite:musicmss:sbe0121.515,515,"Einsiedeln, Stiftsbibliothek, Codex 121 (1151), page 515."
urn:cite:musicmss:sbe0121.516,516,"Einsiedeln, Stiftsbibliothek, Codex 121 (1151), page 516."
urn:cite:musicmss:sbe0121.517,517,"Einsiedeln, Stiftsbibliothek, Codex 121 (1151), page 517."
urn:cite:musicmss:sbe0121.518,518,"Einsiedeln, Stiftsbibliothek, Codex 121 (1151), page 518."
urn:cite:musicmss:sbe0121.519,519,"Einsiedeln, Stiftsbibliothek, Codex 121 (1151), page 519."
urn:cite:musicmss:sbe0121.520,520,"Einsiedeln, Stiftsbibliothek, Codex 121 (1151), page 520."
urn:cite:musicmss:sbe0121.521,521,"Einsiedeln, Stiftsbibliothek, Codex 121 (1151), page 521."
urn:cite:musicmss:sbe0121.522,522,"Einsiedeln, Stiftsbibliothek, Codex 121 (1151), page 522."
urn:cite:musicmss:sbe0121.523,523,"Einsiedeln, Stiftsbibliothek, Codex 121 (1151), page 523."
urn:cite:musicmss:sbe0121.524,524,"Einsiedeln, Stiftsbibliothek, Codex 121 (1151), page 524."
urn:cite:musicmss:sbe0121.525,525,"Einsiedeln, Stiftsbibliothek, Codex 121 (1151), page 525."
urn:cite:musicmss:sbe0121.526,526,"Einsiedeln, Stiftsbibliothek, Codex 121 (1151), page 526."
urn:cite:musicmss:sbe0121.527,527,"Einsiedeln, Stiftsbibliothek, Codex 121 (1151), page 527."
urn:cite:musicmss:sbe0121.528,528,"Einsiedeln, Stiftsbibliothek, Codex 121 (1151), page 528."
urn:cite:musicmss:sbe0121.529,529,"Einsiedeln, Stiftsbibliothek, Codex 121 (1151), page 529."
urn:cite:musicmss:sbe0121.530,530,"Einsiedeln, Stiftsbibliothek, Codex 121 (1151), page 530."
urn:cite:musicmss:sbe0121.531,531,"Einsiedeln, Stiftsbibliothek, Codex 121 (1151), page 531."
urn:cite:musicmss:sbe0121.532,532,"Einsiedeln, Stiftsbibliothek, Codex 121 (1151), page 532."
urn:cite:musicmss:sbe0121.533,533,"Einsiedeln, Stiftsbibliothek, Codex 121 (1151), page 533."
urn:cite:musicmss:sbe0121.534,534,"Einsiedeln, Stiftsbibliothek, Codex 121 (1151), page 534."
urn:cite:musicmss:sbe0121.535,535,"Einsiedeln, Stiftsbibliothek, Codex 121 (1151), page 535."
urn:cite:musicmss:sbe0121.536,536,"Einsiedeln, Stiftsbibliothek, Codex 121 (1151), page 536."
urn:cite:musicmss:sbe0121.537,537,"Einsiedeln, Stiftsbibliothek, Codex 121 (1151), page 537."
urn:cite:musicmss:sbe0121.538,538,"Einsiedeln, Stiftsbibliothek, Codex 121 (1151), page 538."
urn:cite:musicmss:sbe0121.539,539,"Einsiedeln, Stiftsbibliothek, Codex 121 (1151), page 539."
urn:cite:musicmss:sbe0121.540,540,"Einsiedeln, Stiftsbibliothek, Codex 121 (1151), page 540."
urn:cite:musicmss:sbe0121.541,541,"Einsiedeln, Stiftsbibliothek, Codex 121 (1151), page 541."
urn:cite:musicmss:sbe0121.542,542,"Einsiedeln, Stiftsbibliothek, Codex 121 (1151), page 542."
urn:cite:musicmss:sbe0121.543,543,"Einsiedeln, Stiftsbibliothek, Codex 121 (1151), page 543."
urn:cite:musicmss:sbe0121.544,544,"Einsiedeln, Stiftsbibliothek, Codex 121 (1151), page 544."
urn:cite:musicmss:sbe0121.545,545,"Einsiedeln, Stiftsbibliothek, Codex 121 (1151), page 545."
urn:cite:musicmss:sbe0121.546,546,"Einsiedeln, Stiftsbibliothek, Codex 121 (1151), page 546."
urn:cite:musicmss:sbe0121.547,547,"Einsiedeln, Stiftsbibliothek, Codex 121 (1151), page 547."
urn:cite:musicmss:sbe0121.548,548,"Einsiedeln, Stiftsbibliothek, Codex 121 (1151), page 548."
urn:cite:musicmss:sbe0121.549,549,"Einsiedeln, Stiftsbibliothek, Codex 121 (1151), page 549."
urn:cite:musicmss:sbe0121.550,550,"Einsiedeln, Stiftsbibliothek, Codex 121 (1151), page 550."
urn:cite:musicmss:sbe0121.551,551,"Einsiedeln, Stiftsbibliothek, Codex 121 (1151), page 551."
urn:cite:musicmss:sbe0121.552,552,"Einsiedeln, Stiftsbibliothek, Codex 121 (1151), page 552."
urn:cite:musicmss:sbe0121.553,553,"Einsiedeln, Stiftsbibliothek, Codex 121 (1151), page 553."
urn:cite:musicmss:sbe0121.554,554,"Einsiedeln, Stiftsbibliothek, Codex 121 (1151), page 554."
urn:cite:musicmss:sbe0121.555,555,"Einsiedeln, Stiftsbibliothek, Codex 121 (1151), page 555."
urn:cite:musicmss:sbe0121.556,556,"Einsiedeln, Stiftsbibliothek, Codex 121 (1151), page 556."
urn:cite:musicmss:sbe0121.557,557,"Einsiedeln, Stiftsbibliothek, Codex 121 (1151), page 557."
urn:cite:musicmss:sbe0121.558,558,"Einsiedeln, Stiftsbibliothek, Codex 121 (1151), page 558."
urn:cite:musicmss:sbe0121.559,559,"Einsiedeln, Stiftsbibliothek, Codex 121 (1151), page 559."
urn:cite:musicmss:sbe0121.560,560,"Einsiedeln, Stiftsbibliothek, Codex 121 (1151), page 560."
urn:cite:musicmss:sbe0121.561,561,"Einsiedeln, Stiftsbibliothek, Codex 121 (1151), page 561."
urn:cite:musicmss:sbe0121.562,562,"Einsiedeln, Stiftsbibliothek, Codex 121 (1151), page 562."
urn:cite:musicmss:sbe0121.563,563,"Einsiedeln, Stiftsbibliothek, Codex 121 (1151), page 563."
urn:cite:musicmss:sbe0121.564,564,"Einsiedeln, Stiftsbibliothek, Codex 121 (1151), page 564."
urn:cite:musicmss:sbe0121.565,565,"Einsiedeln, Stiftsbibliothek, Codex 121 (1151), page 565."
urn:cite:musicmss:sbe0121.566,566,"Einsiedeln, Stiftsbibliothek, Codex 121 (1151), page 566."
urn:cite:musicmss:sbe0121.567,567,"Einsiedeln, Stiftsbibliothek, Codex 121 (1151), page 567."
urn:cite:musicmss:sbe0121.568,568,"Einsiedeln, Stiftsbibliothek, Codex 121 (1151), page 568."
urn:cite:musicmss:sbe0121.569,569,"Einsiedeln, Stiftsbibliothek, Codex 121 (1151), page 569."
urn:cite:musicmss:sbe0121.570,570,"Einsiedeln, Stiftsbibliothek, Codex 121 (1151), page 570."
urn:cite:musicmss:sbe0121.571,571,"Einsiedeln, Stiftsbibliothek, Codex 121 (1151), page 571."
urn:cite:musicmss:sbe0121.572,572,"Einsiedeln, Stiftsbibliothek, Codex 121 (1151), page 572."
urn:cite:musicmss:sbe0121.573,573,"Einsiedeln, Stiftsbibliothek, Codex 121 (1151), page 573."
urn:cite:musicmss:sbe0121.574,574,"Einsiedeln, Stiftsbibliothek, Codex 121 (1151), page 574."
urn:cite:musicmss:sbe0121.575,575,"Einsiedeln, Stiftsbibliothek, Codex 121 (1151), page 575."
urn:cite:musicmss:sbe0121.576,576,"Einsiedeln, Stiftsbibliothek, Codex 121 (1151), page 576."
urn:cite:musicmss:sbe0121.577,577,"Einsiedeln, Stiftsbibliothek, Codex 121 (1151), page 577."
urn:cite:musicmss:sbe0121.578,578,"Einsiedeln, Stiftsbibliothek, Codex 121 (1151), page 578."
urn:cite:musicmss:sbe0121.579,579,"Einsiedeln, Stiftsbibliothek, Codex 121 (1151), page 579."
urn:cite:musicmss:sbe0121.580,580,"Einsiedeln, Stiftsbibliothek, Codex 121 (1151), page 580."
urn:cite:musicmss:sbe0121.581,581,"Einsiedeln, Stiftsbibliothek, Codex 121 (1151), page 581."
urn:cite:musicmss:sbe0121.582,582,"Einsiedeln, Stiftsbibliothek, Codex 121 (1151), page 582."
urn:cite:musicmss:sbe0121.583,583,"Einsiedeln, Stiftsbibliothek, Codex 121 (1151), page 583."
urn:cite:musicmss:sbe0121.584,584,"Einsiedeln, Stiftsbibliothek, Codex 121 (1151), page 584."
urn:cite:musicmss:sbe0121.585,585,"Einsiedeln, Stiftsbibliothek, Codex 121 (1151), page 585."
urn:cite:musicmss:sbe0121.586,586,"Einsiedeln, Stiftsbibliothek, Codex 121 (1151), page 586."
urn:cite:musicmss:sbe0121.587,587,"Einsiedeln, Stiftsbibliothek, Codex 121 (1151), page 587."
urn:cite:musicmss:sbe0121.588,588,"Einsiedeln, Stiftsbibliothek, Codex 121 (1151), page 588."
urn:cite:musicmss:sbe0121.589,589,"Einsiedeln, Stiftsbibliothek, Codex 121 (1151), page 589."
urn:cite:musicmss:sbe0121.590,590,"Einsiedeln, Stiftsbibliothek, Codex 121 (1151), page 590."
urn:cite:musicmss:sbe0121.591,591,"Einsiedeln, Stiftsbibliothek, Codex 121 (1151), page 591."
urn:cite:musicmss:sbe0121.592,592,"Einsiedeln, Stiftsbibliothek, Codex 121 (1151), page 592."
urn:cite:musicmss:sbe0121.593,593,"Einsiedeln, Stiftsbibliothek, Codex 121 (1151), page 593."
urn:cite:musicmss:sbe0121.594,594,"Einsiedeln, Stiftsbibliothek, Codex 121 (1151), page 594."
urn:cite:musicmss:sbe0121.595,595,"Einsiedeln, Stiftsbibliothek, Codex 121 (1151), page 595."
urn:cite:musicmss:sbe0121.596,596,"Einsiedeln, Stiftsbibliothek, Codex 121 (1151), page 596."
urn:cite:musicmss:sbe0121.597,597,"Einsiedeln, Stiftsbibliothek, Codex 121 (1151), page 597."
urn:cite:musicmss:sbe0121.598,598,"Einsiedeln, Stiftsbibliothek, Codex 121 (1151), page 598."
urn:cite:musicmss:sbe0121.599,599,"Einsiedeln, Stiftsbibliothek, Codex 121 (1151), page 599."
urn:cite:musicmss:sbe0121.600,600,"Einsiedeln, Stiftsbibliothek, Codex 121 (1151), page 600."
