FolioUrn,Sequence,Label,DefaultImage
urn:cite:musicmss:sg339.1,1,"St. Gallen, Stiftsbibliothek, Cod. Sang. 339, page 1.",urn:cite:musicmss:sg339.1
urn:cite:musicmss:sg339.2,2,"St. Gallen, Stiftsbibliothek, Cod. Sang. 339, page 2.",urn:cite:musicmss:sg339.2
urn:cite:musicmss:sg339.3,3,"St. Gallen, Stiftsbibliothek, Cod. Sang. 339, page 3.",urn:cite:musicmss:sg339.3
urn:cite:musicmss:sg339.4,4,"St. Gallen, Stiftsbibliothek, Cod. Sang. 339, page 4.",urn:cite:musicmss:sg339.4
urn:cite:musicmss:sg339.5,5,"St. Gallen, Stiftsbibliothek, Cod. Sang. 339, page 5.",urn:cite:musicmss:sg339.5
urn:cite:musicmss:sg339.6,6,"St. Gallen, Stiftsbibliothek, Cod. Sang. 339, page 6.",urn:cite:musicmss:sg339.6
urn:cite:musicmss:sg339.7,7,"St. Gallen, Stiftsbibliothek, Cod. Sang. 339, page 7.",urn:cite:musicmss:sg339.7
urn:cite:musicmss:sg339.8,8,"St. Gallen, Stiftsbibliothek, Cod. Sang. 339, page 8.",urn:cite:musicmss:sg339.8
urn:cite:musicmss:sg339.9,9,"St. Gallen, Stiftsbibliothek, Cod. Sang. 339, page 9.",urn:cite:musicmss:sg339.9
urn:cite:musicmss:sg339.10,10,"St. Gallen, Stiftsbibliothek, Cod. Sang. 339, page 10.",urn:cite:musicmss:sg339.10
urn:cite:musicmss:sg339.11,11,"St. Gallen, Stiftsbibliothek, Cod. Sang. 339, page 11.",urn:cite:musicmss:sg339.11
urn:cite:musicmss:sg339.12,12,"St. Gallen, Stiftsbibliothek, Cod. Sang. 339, page 12.",urn:cite:musicmss:sg339.12
urn:cite:musicmss:sg339.13,13,"St. Gallen, Stiftsbibliothek, Cod. Sang. 339, page 13.",urn:cite:musicmss:sg339.13
urn:cite:musicmss:sg339.14,14,"St. Gallen, Stiftsbibliothek, Cod. Sang. 339, page 14.",urn:cite:musicmss:sg339.14
urn:cite:musicmss:sg339.15,15,"St. Gallen, Stiftsbibliothek, Cod. Sang. 339, page 15.",urn:cite:musicmss:sg339.15
urn:cite:musicmss:sg339.16,16,"St. Gallen, Stiftsbibliothek, Cod. Sang. 339, page 16.",urn:cite:musicmss:sg339.16
urn:cite:musicmss:sg339.17,17,"St. Gallen, Stiftsbibliothek, Cod. Sang. 339, page 17.",urn:cite:musicmss:sg339.17
urn:cite:musicmss:sg339.18,18,"St. Gallen, Stiftsbibliothek, Cod. Sang. 339, page 18.",urn:cite:musicmss:sg339.18
urn:cite:musicmss:sg339.19,19,"St. Gallen, Stiftsbibliothek, Cod. Sang. 339, page 19.",urn:cite:musicmss:sg339.19
urn:cite:musicmss:sg339.20,20,"St. Gallen, Stiftsbibliothek, Cod. Sang. 339, page 20.",urn:cite:musicmss:sg339.20
urn:cite:musicmss:sg339.21,21,"St. Gallen, Stiftsbibliothek, Cod. Sang. 339, page 21.",urn:cite:musicmss:sg339.21
urn:cite:musicmss:sg339.22,22,"St. Gallen, Stiftsbibliothek, Cod. Sang. 339, page 22.",urn:cite:musicmss:sg339.22
urn:cite:musicmss:sg339.23,23,"St. Gallen, Stiftsbibliothek, Cod. Sang. 339, page 23.",urn:cite:musicmss:sg339.23
urn:cite:musicmss:sg339.24,24,"St. Gallen, Stiftsbibliothek, Cod. Sang. 339, page 24.",urn:cite:musicmss:sg339.24
urn:cite:musicmss:sg339.25,25,"St. Gallen, Stiftsbibliothek, Cod. Sang. 339, page 25.",urn:cite:musicmss:sg339.25
urn:cite:musicmss:sg339.26,26,"St. Gallen, Stiftsbibliothek, Cod. Sang. 339, page 26.",urn:cite:musicmss:sg339.26
urn:cite:musicmss:sg339.27,27,"St. Gallen, Stiftsbibliothek, Cod. Sang. 339, page 27.",urn:cite:musicmss:sg339.27
urn:cite:musicmss:sg339.28,28,"St. Gallen, Stiftsbibliothek, Cod. Sang. 339, page 28.",urn:cite:musicmss:sg339.28
urn:cite:musicmss:sg339.29,29,"St. Gallen, Stiftsbibliothek, Cod. Sang. 339, page 29.",urn:cite:musicmss:sg339.29
urn:cite:musicmss:sg339.30,30,"St. Gallen, Stiftsbibliothek, Cod. Sang. 339, page 30.",urn:cite:musicmss:sg339.30
urn:cite:musicmss:sg339.31,31,"St. Gallen, Stiftsbibliothek, Cod. Sang. 339, page 31.",urn:cite:musicmss:sg339.31
urn:cite:musicmss:sg339.32,32,"St. Gallen, Stiftsbibliothek, Cod. Sang. 339, page 32.",urn:cite:musicmss:sg339.32
urn:cite:musicmss:sg339.33,33,"St. Gallen, Stiftsbibliothek, Cod. Sang. 339, page 33.",urn:cite:musicmss:sg339.33
urn:cite:musicmss:sg339.34,34,"St. Gallen, Stiftsbibliothek, Cod. Sang. 339, page 34.",urn:cite:musicmss:sg339.34
urn:cite:musicmss:sg339.35,35,"St. Gallen, Stiftsbibliothek, Cod. Sang. 339, page 35.",urn:cite:musicmss:sg339.35
urn:cite:musicmss:sg339.36,36,"St. Gallen, Stiftsbibliothek, Cod. Sang. 339, page 36.",urn:cite:musicmss:sg339.36
urn:cite:musicmss:sg339.37,37,"St. Gallen, Stiftsbibliothek, Cod. Sang. 339, page 37.",urn:cite:musicmss:sg339.37
urn:cite:musicmss:sg339.38,38,"St. Gallen, Stiftsbibliothek, Cod. Sang. 339, page 38.",urn:cite:musicmss:sg339.38
urn:cite:musicmss:sg339.39,39,"St. Gallen, Stiftsbibliothek, Cod. Sang. 339, page 39.",urn:cite:musicmss:sg339.39
urn:cite:musicmss:sg339.40,40,"St. Gallen, Stiftsbibliothek, Cod. Sang. 339, page 40.",urn:cite:musicmss:sg339.40
urn:cite:musicmss:sg339.41,41,"St. Gallen, Stiftsbibliothek, Cod. Sang. 339, page 41.",urn:cite:musicmss:sg339.41
urn:cite:musicmss:sg339.42,42,"St. Gallen, Stiftsbibliothek, Cod. Sang. 339, page 42.",urn:cite:musicmss:sg339.42
urn:cite:musicmss:sg339.43,43,"St. Gallen, Stiftsbibliothek, Cod. Sang. 339, page 43.",urn:cite:musicmss:sg339.43
urn:cite:musicmss:sg339.44,44,"St. Gallen, Stiftsbibliothek, Cod. Sang. 339, page 44.",urn:cite:musicmss:sg339.44
urn:cite:musicmss:sg339.45,45,"St. Gallen, Stiftsbibliothek, Cod. Sang. 339, page 45.",urn:cite:musicmss:sg339.45
urn:cite:musicmss:sg339.46,46,"St. Gallen, Stiftsbibliothek, Cod. Sang. 339, page 46.",urn:cite:musicmss:sg339.46
urn:cite:musicmss:sg339.47,47,"St. Gallen, Stiftsbibliothek, Cod. Sang. 339, page 47.",urn:cite:musicmss:sg339.47
urn:cite:musicmss:sg339.48,48,"St. Gallen, Stiftsbibliothek, Cod. Sang. 339, page 48.",urn:cite:musicmss:sg339.48
urn:cite:musicmss:sg339.49,49,"St. Gallen, Stiftsbibliothek, Cod. Sang. 339, page 49.",urn:cite:musicmss:sg339.49
urn:cite:musicmss:sg339.50,50,"St. Gallen, Stiftsbibliothek, Cod. Sang. 339, page 50.",urn:cite:musicmss:sg339.50
urn:cite:musicmss:sg339.51,51,"St. Gallen, Stiftsbibliothek, Cod. Sang. 339, page 51.",urn:cite:musicmss:sg339.51
urn:cite:musicmss:sg339.52,52,"St. Gallen, Stiftsbibliothek, Cod. Sang. 339, page 52.",urn:cite:musicmss:sg339.52
urn:cite:musicmss:sg339.53,53,"St. Gallen, Stiftsbibliothek, Cod. Sang. 339, page 53.",urn:cite:musicmss:sg339.53
urn:cite:musicmss:sg339.54,54,"St. Gallen, Stiftsbibliothek, Cod. Sang. 339, page 54.",urn:cite:musicmss:sg339.54
urn:cite:musicmss:sg339.55,55,"St. Gallen, Stiftsbibliothek, Cod. Sang. 339, page 55.",urn:cite:musicmss:sg339.55
urn:cite:musicmss:sg339.56,56,"St. Gallen, Stiftsbibliothek, Cod. Sang. 339, page 56.",urn:cite:musicmss:sg339.56
urn:cite:musicmss:sg339.57,57,"St. Gallen, Stiftsbibliothek, Cod. Sang. 339, page 57.",urn:cite:musicmss:sg339.57
urn:cite:musicmss:sg339.58,58,"St. Gallen, Stiftsbibliothek, Cod. Sang. 339, page 58.",urn:cite:musicmss:sg339.58
urn:cite:musicmss:sg339.59,59,"St. Gallen, Stiftsbibliothek, Cod. Sang. 339, page 59.",urn:cite:musicmss:sg339.59
urn:cite:musicmss:sg339.60,60,"St. Gallen, Stiftsbibliothek, Cod. Sang. 339, page 60.",urn:cite:musicmss:sg339.60
urn:cite:musicmss:sg339.61,61,"St. Gallen, Stiftsbibliothek, Cod. Sang. 339, page 61.",urn:cite:musicmss:sg339.61
urn:cite:musicmss:sg339.62,62,"St. Gallen, Stiftsbibliothek, Cod. Sang. 339, page 62.",urn:cite:musicmss:sg339.62
urn:cite:musicmss:sg339.63,63,"St. Gallen, Stiftsbibliothek, Cod. Sang. 339, page 63.",urn:cite:musicmss:sg339.63
urn:cite:musicmss:sg339.64,64,"St. Gallen, Stiftsbibliothek, Cod. Sang. 339, page 64.",urn:cite:musicmss:sg339.64
urn:cite:musicmss:sg339.65,65,"St. Gallen, Stiftsbibliothek, Cod. Sang. 339, page 65.",urn:cite:musicmss:sg339.65
urn:cite:musicmss:sg339.66,66,"St. Gallen, Stiftsbibliothek, Cod. Sang. 339, page 66.",urn:cite:musicmss:sg339.66
urn:cite:musicmss:sg339.67,67,"St. Gallen, Stiftsbibliothek, Cod. Sang. 339, page 67.",urn:cite:musicmss:sg339.67
urn:cite:musicmss:sg339.68,68,"St. Gallen, Stiftsbibliothek, Cod. Sang. 339, page 68.",urn:cite:musicmss:sg339.68
urn:cite:musicmss:sg339.69,69,"St. Gallen, Stiftsbibliothek, Cod. Sang. 339, page 69.",urn:cite:musicmss:sg339.69
urn:cite:musicmss:sg339.70,70,"St. Gallen, Stiftsbibliothek, Cod. Sang. 339, page 70.",urn:cite:musicmss:sg339.70
urn:cite:musicmss:sg339.71,71,"St. Gallen, Stiftsbibliothek, Cod. Sang. 339, page 71.",urn:cite:musicmss:sg339.71
urn:cite:musicmss:sg339.72,72,"St. Gallen, Stiftsbibliothek, Cod. Sang. 339, page 72.",urn:cite:musicmss:sg339.72
urn:cite:musicmss:sg339.73,73,"St. Gallen, Stiftsbibliothek, Cod. Sang. 339, page 73.",urn:cite:musicmss:sg339.73
urn:cite:musicmss:sg339.74,74,"St. Gallen, Stiftsbibliothek, Cod. Sang. 339, page 74.",urn:cite:musicmss:sg339.74
urn:cite:musicmss:sg339.75,75,"St. Gallen, Stiftsbibliothek, Cod. Sang. 339, page 75.",urn:cite:musicmss:sg339.75
urn:cite:musicmss:sg339.76,76,"St. Gallen, Stiftsbibliothek, Cod. Sang. 339, page 76.",urn:cite:musicmss:sg339.76
urn:cite:musicmss:sg339.77,77,"St. Gallen, Stiftsbibliothek, Cod. Sang. 339, page 77.",urn:cite:musicmss:sg339.77
urn:cite:musicmss:sg339.78,78,"St. Gallen, Stiftsbibliothek, Cod. Sang. 339, page 78.",urn:cite:musicmss:sg339.78
urn:cite:musicmss:sg339.79,79,"St. Gallen, Stiftsbibliothek, Cod. Sang. 339, page 79.",urn:cite:musicmss:sg339.79
urn:cite:musicmss:sg339.80,80,"St. Gallen, Stiftsbibliothek, Cod. Sang. 339, page 80.",urn:cite:musicmss:sg339.80
urn:cite:musicmss:sg339.81,81,"St. Gallen, Stiftsbibliothek, Cod. Sang. 339, page 81.",urn:cite:musicmss:sg339.81
urn:cite:musicmss:sg339.82,82,"St. Gallen, Stiftsbibliothek, Cod. Sang. 339, page 82.",urn:cite:musicmss:sg339.82
urn:cite:musicmss:sg339.83,83,"St. Gallen, Stiftsbibliothek, Cod. Sang. 339, page 83.",urn:cite:musicmss:sg339.83
urn:cite:musicmss:sg339.84,84,"St. Gallen, Stiftsbibliothek, Cod. Sang. 339, page 84.",urn:cite:musicmss:sg339.84
urn:cite:musicmss:sg339.85,85,"St. Gallen, Stiftsbibliothek, Cod. Sang. 339, page 85.",urn:cite:musicmss:sg339.85
urn:cite:musicmss:sg339.86,86,"St. Gallen, Stiftsbibliothek, Cod. Sang. 339, page 86.",urn:cite:musicmss:sg339.86
urn:cite:musicmss:sg339.87,87,"St. Gallen, Stiftsbibliothek, Cod. Sang. 339, page 87.",urn:cite:musicmss:sg339.87
urn:cite:musicmss:sg339.88,88,"St. Gallen, Stiftsbibliothek, Cod. Sang. 339, page 88.",urn:cite:musicmss:sg339.88
urn:cite:musicmss:sg339.89,89,"St. Gallen, Stiftsbibliothek, Cod. Sang. 339, page 89.",urn:cite:musicmss:sg339.89
urn:cite:musicmss:sg339.90,90,"St. Gallen, Stiftsbibliothek, Cod. Sang. 339, page 90.",urn:cite:musicmss:sg339.90
urn:cite:musicmss:sg339.91,91,"St. Gallen, Stiftsbibliothek, Cod. Sang. 339, page 91.",urn:cite:musicmss:sg339.91
urn:cite:musicmss:sg339.92,92,"St. Gallen, Stiftsbibliothek, Cod. Sang. 339, page 92.",urn:cite:musicmss:sg339.92
urn:cite:musicmss:sg339.93,93,"St. Gallen, Stiftsbibliothek, Cod. Sang. 339, page 93.",urn:cite:musicmss:sg339.93
urn:cite:musicmss:sg339.94,94,"St. Gallen, Stiftsbibliothek, Cod. Sang. 339, page 94.",urn:cite:musicmss:sg339.94
urn:cite:musicmss:sg339.95,95,"St. Gallen, Stiftsbibliothek, Cod. Sang. 339, page 95.",urn:cite:musicmss:sg339.95
urn:cite:musicmss:sg339.96,96,"St. Gallen, Stiftsbibliothek, Cod. Sang. 339, page 96.",urn:cite:musicmss:sg339.96
urn:cite:musicmss:sg339.97,97,"St. Gallen, Stiftsbibliothek, Cod. Sang. 339, page 97.",urn:cite:musicmss:sg339.97
urn:cite:musicmss:sg339.98,98,"St. Gallen, Stiftsbibliothek, Cod. Sang. 339, page 98.",urn:cite:musicmss:sg339.98
urn:cite:musicmss:sg339.99,99,"St. Gallen, Stiftsbibliothek, Cod. Sang. 339, page 99.",urn:cite:musicmss:sg339.99
urn:cite:musicmss:sg339.100,100,"St. Gallen, Stiftsbibliothek, Cod. Sang. 339, page 100.",urn:cite:musicmss:sg339.100
urn:cite:musicmss:sg339.101,101,"St. Gallen, Stiftsbibliothek, Cod. Sang. 339, page 101.",urn:cite:musicmss:sg339.101
urn:cite:musicmss:sg339.102,102,"St. Gallen, Stiftsbibliothek, Cod. Sang. 339, page 102.",urn:cite:musicmss:sg339.102
urn:cite:musicmss:sg339.103,103,"St. Gallen, Stiftsbibliothek, Cod. Sang. 339, page 103.",urn:cite:musicmss:sg339.103
urn:cite:musicmss:sg339.104,104,"St. Gallen, Stiftsbibliothek, Cod. Sang. 339, page 104.",urn:cite:musicmss:sg339.104
urn:cite:musicmss:sg339.105,105,"St. Gallen, Stiftsbibliothek, Cod. Sang. 339, page 105.",urn:cite:musicmss:sg339.105
urn:cite:musicmss:sg339.106,106,"St. Gallen, Stiftsbibliothek, Cod. Sang. 339, page 106.",urn:cite:musicmss:sg339.106
urn:cite:musicmss:sg339.107,107,"St. Gallen, Stiftsbibliothek, Cod. Sang. 339, page 107.",urn:cite:musicmss:sg339.107
urn:cite:musicmss:sg339.108,108,"St. Gallen, Stiftsbibliothek, Cod. Sang. 339, page 108.",urn:cite:musicmss:sg339.108
urn:cite:musicmss:sg339.109,109,"St. Gallen, Stiftsbibliothek, Cod. Sang. 339, page 109.",urn:cite:musicmss:sg339.109
urn:cite:musicmss:sg339.110,110,"St. Gallen, Stiftsbibliothek, Cod. Sang. 339, page 110.",urn:cite:musicmss:sg339.110
urn:cite:musicmss:sg339.111,111,"St. Gallen, Stiftsbibliothek, Cod. Sang. 339, page 111.",urn:cite:musicmss:sg339.111
urn:cite:musicmss:sg339.112,112,"St. Gallen, Stiftsbibliothek, Cod. Sang. 339, page 112.",urn:cite:musicmss:sg339.112
urn:cite:musicmss:sg339.113,113,"St. Gallen, Stiftsbibliothek, Cod. Sang. 339, page 113.",urn:cite:musicmss:sg339.113
urn:cite:musicmss:sg339.114,114,"St. Gallen, Stiftsbibliothek, Cod. Sang. 339, page 114.",urn:cite:musicmss:sg339.114
urn:cite:musicmss:sg339.115,115,"St. Gallen, Stiftsbibliothek, Cod. Sang. 339, page 115.",urn:cite:musicmss:sg339.115
urn:cite:musicmss:sg339.116,116,"St. Gallen, Stiftsbibliothek, Cod. Sang. 339, page 116.",urn:cite:musicmss:sg339.116
urn:cite:musicmss:sg339.117,117,"St. Gallen, Stiftsbibliothek, Cod. Sang. 339, page 117.",urn:cite:musicmss:sg339.117
urn:cite:musicmss:sg339.118,118,"St. Gallen, Stiftsbibliothek, Cod. Sang. 339, page 118.",urn:cite:musicmss:sg339.118
urn:cite:musicmss:sg339.119,119,"St. Gallen, Stiftsbibliothek, Cod. Sang. 339, page 119.",urn:cite:musicmss:sg339.119
urn:cite:musicmss:sg339.120,120,"St. Gallen, Stiftsbibliothek, Cod. Sang. 339, page 120.",urn:cite:musicmss:sg339.120
urn:cite:musicmss:sg339.121,121,"St. Gallen, Stiftsbibliothek, Cod. Sang. 339, page 121.",urn:cite:musicmss:sg339.121
urn:cite:musicmss:sg339.122,122,"St. Gallen, Stiftsbibliothek, Cod. Sang. 339, page 122.",urn:cite:musicmss:sg339.122
urn:cite:musicmss:sg339.123,123,"St. Gallen, Stiftsbibliothek, Cod. Sang. 339, page 123.",urn:cite:musicmss:sg339.123
urn:cite:musicmss:sg339.124,124,"St. Gallen, Stiftsbibliothek, Cod. Sang. 339, page 124.",urn:cite:musicmss:sg339.124
urn:cite:musicmss:sg339.125,125,"St. Gallen, Stiftsbibliothek, Cod. Sang. 339, page 125.",urn:cite:musicmss:sg339.125
urn:cite:musicmss:sg339.126,126,"St. Gallen, Stiftsbibliothek, Cod. Sang. 339, page 126.",urn:cite:musicmss:sg339.126
urn:cite:musicmss:sg339.127,127,"St. Gallen, Stiftsbibliothek, Cod. Sang. 339, page 127.",urn:cite:musicmss:sg339.127
urn:cite:musicmss:sg339.128,128,"St. Gallen, Stiftsbibliothek, Cod. Sang. 339, page 128.",urn:cite:musicmss:sg339.128
urn:cite:musicmss:sg339.129,129,"St. Gallen, Stiftsbibliothek, Cod. Sang. 339, page 129.",urn:cite:musicmss:sg339.129
urn:cite:musicmss:sg339.130,130,"St. Gallen, Stiftsbibliothek, Cod. Sang. 339, page 130.",urn:cite:musicmss:sg339.130
urn:cite:musicmss:sg339.131,131,"St. Gallen, Stiftsbibliothek, Cod. Sang. 339, page 131.",urn:cite:musicmss:sg339.131
urn:cite:musicmss:sg339.132,132,"St. Gallen, Stiftsbibliothek, Cod. Sang. 339, page 132.",urn:cite:musicmss:sg339.132
urn:cite:musicmss:sg339.133,133,"St. Gallen, Stiftsbibliothek, Cod. Sang. 339, page 133.",urn:cite:musicmss:sg339.133
urn:cite:musicmss:sg339.134,134,"St. Gallen, Stiftsbibliothek, Cod. Sang. 339, page 134.",urn:cite:musicmss:sg339.134
urn:cite:musicmss:sg339.135,135,"St. Gallen, Stiftsbibliothek, Cod. Sang. 339, page 135.",urn:cite:musicmss:sg339.135
urn:cite:musicmss:sg339.136,136,"St. Gallen, Stiftsbibliothek, Cod. Sang. 339, page 136.",urn:cite:musicmss:sg339.136
urn:cite:musicmss:sg339.137,137,"St. Gallen, Stiftsbibliothek, Cod. Sang. 339, page 137.",urn:cite:musicmss:sg339.137
urn:cite:musicmss:sg339.138,138,"St. Gallen, Stiftsbibliothek, Cod. Sang. 339, page 138.",urn:cite:musicmss:sg339.138
urn:cite:musicmss:sg339.139,139,"St. Gallen, Stiftsbibliothek, Cod. Sang. 339, page 139.",urn:cite:musicmss:sg339.139
urn:cite:musicmss:sg339.140,140,"St. Gallen, Stiftsbibliothek, Cod. Sang. 339, page 140.",urn:cite:musicmss:sg339.140
urn:cite:musicmss:sg339.141,141,"St. Gallen, Stiftsbibliothek, Cod. Sang. 339, page 141.",urn:cite:musicmss:sg339.141
urn:cite:musicmss:sg339.142,142,"St. Gallen, Stiftsbibliothek, Cod. Sang. 339, page 142.",urn:cite:musicmss:sg339.142
urn:cite:musicmss:sg339.143,143,"St. Gallen, Stiftsbibliothek, Cod. Sang. 339, page 143.",urn:cite:musicmss:sg339.143
urn:cite:musicmss:sg339.144,144,"St. Gallen, Stiftsbibliothek, Cod. Sang. 339, page 144.",urn:cite:musicmss:sg339.144
urn:cite:musicmss:sg339.145,145,"St. Gallen, Stiftsbibliothek, Cod. Sang. 339, page 145.",urn:cite:musicmss:sg339.145
urn:cite:musicmss:sg339.146,146,"St. Gallen, Stiftsbibliothek, Cod. Sang. 339, page 146.",urn:cite:musicmss:sg339.146
urn:cite:musicmss:sg339.147,147,"St. Gallen, Stiftsbibliothek, Cod. Sang. 339, page 147.",urn:cite:musicmss:sg339.147
urn:cite:musicmss:sg339.148,148,"St. Gallen, Stiftsbibliothek, Cod. Sang. 339, page 148.",urn:cite:musicmss:sg339.148
urn:cite:musicmss:sg339.149,149,"St. Gallen, Stiftsbibliothek, Cod. Sang. 339, page 149.",urn:cite:musicmss:sg339.149
urn:cite:musicmss:sg339.150,150,"St. Gallen, Stiftsbibliothek, Cod. Sang. 339, page 150.",urn:cite:musicmss:sg339.150
urn:cite:musicmss:sg339.151,151,"St. Gallen, Stiftsbibliothek, Cod. Sang. 339, page 151.",urn:cite:musicmss:sg339.151
urn:cite:musicmss:sg339.152,152,"St. Gallen, Stiftsbibliothek, Cod. Sang. 339, page 152.",urn:cite:musicmss:sg339.152
urn:cite:musicmss:sg339.153,153,"St. Gallen, Stiftsbibliothek, Cod. Sang. 339, page 153.",urn:cite:musicmss:sg339.153
urn:cite:musicmss:sg339.154,154,"St. Gallen, Stiftsbibliothek, Cod. Sang. 339, page 154.",urn:cite:musicmss:sg339.154
urn:cite:musicmss:sg339.155,155,"St. Gallen, Stiftsbibliothek, Cod. Sang. 339, page 155.",urn:cite:musicmss:sg339.155
urn:cite:musicmss:sg339.156,156,"St. Gallen, Stiftsbibliothek, Cod. Sang. 339, page 156.",urn:cite:musicmss:sg339.156
urn:cite:musicmss:sg339.157,157,"St. Gallen, Stiftsbibliothek, Cod. Sang. 339, page 157.",urn:cite:musicmss:sg339.157
urn:cite:musicmss:sg339.158,158,"St. Gallen, Stiftsbibliothek, Cod. Sang. 339, page 158.",urn:cite:musicmss:sg339.158
urn:cite:musicmss:sg339.159,159,"St. Gallen, Stiftsbibliothek, Cod. Sang. 339, page 159.",urn:cite:musicmss:sg339.159
urn:cite:musicmss:sg339.160,160,"St. Gallen, Stiftsbibliothek, Cod. Sang. 339, page 160.",urn:cite:musicmss:sg339.160
urn:cite:musicmss:sg339.161,161,"St. Gallen, Stiftsbibliothek, Cod. Sang. 339, page 161.",urn:cite:musicmss:sg339.161
urn:cite:musicmss:sg339.162,162,"St. Gallen, Stiftsbibliothek, Cod. Sang. 339, page 162.",urn:cite:musicmss:sg339.162
urn:cite:musicmss:sg339.163,163,"St. Gallen, Stiftsbibliothek, Cod. Sang. 339, page 163.",urn:cite:musicmss:sg339.163
urn:cite:musicmss:sg339.164,164,"St. Gallen, Stiftsbibliothek, Cod. Sang. 339, page 164.",urn:cite:musicmss:sg339.164
urn:cite:musicmss:sg339.165,165,"St. Gallen, Stiftsbibliothek, Cod. Sang. 339, page 165.",urn:cite:musicmss:sg339.165
urn:cite:musicmss:sg339.166,166,"St. Gallen, Stiftsbibliothek, Cod. Sang. 339, page 166.",urn:cite:musicmss:sg339.166
urn:cite:musicmss:sg339.167,167,"St. Gallen, Stiftsbibliothek, Cod. Sang. 339, page 167.",urn:cite:musicmss:sg339.167
urn:cite:musicmss:sg339.168,168,"St. Gallen, Stiftsbibliothek, Cod. Sang. 339, page 168.",urn:cite:musicmss:sg339.168
urn:cite:musicmss:sg339.169,169,"St. Gallen, Stiftsbibliothek, Cod. Sang. 339, page 169.",urn:cite:musicmss:sg339.169
urn:cite:musicmss:sg339.170,170,"St. Gallen, Stiftsbibliothek, Cod. Sang. 339, page 170.",urn:cite:musicmss:sg339.170
urn:cite:musicmss:sg339.171,171,"St. Gallen, Stiftsbibliothek, Cod. Sang. 339, page 171.",urn:cite:musicmss:sg339.171
urn:cite:musicmss:sg339.172,172,"St. Gallen, Stiftsbibliothek, Cod. Sang. 339, page 172.",urn:cite:musicmss:sg339.172
urn:cite:musicmss:sg339.173,173,"St. Gallen, Stiftsbibliothek, Cod. Sang. 339, page 173.",urn:cite:musicmss:sg339.173
urn:cite:musicmss:sg339.174,174,"St. Gallen, Stiftsbibliothek, Cod. Sang. 339, page 174.",urn:cite:musicmss:sg339.174
urn:cite:musicmss:sg339.175,175,"St. Gallen, Stiftsbibliothek, Cod. Sang. 339, page 175.",urn:cite:musicmss:sg339.175
urn:cite:musicmss:sg339.176,176,"St. Gallen, Stiftsbibliothek, Cod. Sang. 339, page 176.",urn:cite:musicmss:sg339.176
urn:cite:musicmss:sg339.177,177,"St. Gallen, Stiftsbibliothek, Cod. Sang. 339, page 177.",urn:cite:musicmss:sg339.177
urn:cite:musicmss:sg339.178,178,"St. Gallen, Stiftsbibliothek, Cod. Sang. 339, page 178.",urn:cite:musicmss:sg339.178
urn:cite:musicmss:sg339.179,179,"St. Gallen, Stiftsbibliothek, Cod. Sang. 339, page 179.",urn:cite:musicmss:sg339.179
urn:cite:musicmss:sg339.180,180,"St. Gallen, Stiftsbibliothek, Cod. Sang. 339, page 180.",urn:cite:musicmss:sg339.180
urn:cite:musicmss:sg339.181,181,"St. Gallen, Stiftsbibliothek, Cod. Sang. 339, page 181.",urn:cite:musicmss:sg339.181
urn:cite:musicmss:sg339.182,182,"St. Gallen, Stiftsbibliothek, Cod. Sang. 339, page 182.",urn:cite:musicmss:sg339.182
urn:cite:musicmss:sg339.183,183,"St. Gallen, Stiftsbibliothek, Cod. Sang. 339, page 183.",urn:cite:musicmss:sg339.183
urn:cite:musicmss:sg339.184,184,"St. Gallen, Stiftsbibliothek, Cod. Sang. 339, page 184.",urn:cite:musicmss:sg339.184
urn:cite:musicmss:sg339.185,185,"St. Gallen, Stiftsbibliothek, Cod. Sang. 339, page 185.",urn:cite:musicmss:sg339.185
urn:cite:musicmss:sg339.186,186,"St. Gallen, Stiftsbibliothek, Cod. Sang. 339, page 186.",urn:cite:musicmss:sg339.186
urn:cite:musicmss:sg339.187,187,"St. Gallen, Stiftsbibliothek, Cod. Sang. 339, page 187.",urn:cite:musicmss:sg339.187
urn:cite:musicmss:sg339.188,188,"St. Gallen, Stiftsbibliothek, Cod. Sang. 339, page 188.",urn:cite:musicmss:sg339.188
urn:cite:musicmss:sg339.189,189,"St. Gallen, Stiftsbibliothek, Cod. Sang. 339, page 189.",urn:cite:musicmss:sg339.189
urn:cite:musicmss:sg339.190,190,"St. Gallen, Stiftsbibliothek, Cod. Sang. 339, page 190.",urn:cite:musicmss:sg339.190
urn:cite:musicmss:sg339.191,191,"St. Gallen, Stiftsbibliothek, Cod. Sang. 339, page 191.",urn:cite:musicmss:sg339.191
urn:cite:musicmss:sg339.192,192,"St. Gallen, Stiftsbibliothek, Cod. Sang. 339, page 192.",urn:cite:musicmss:sg339.192
urn:cite:musicmss:sg339.193,193,"St. Gallen, Stiftsbibliothek, Cod. Sang. 339, page 193.",urn:cite:musicmss:sg339.193
urn:cite:musicmss:sg339.194,194,"St. Gallen, Stiftsbibliothek, Cod. Sang. 339, page 194.",urn:cite:musicmss:sg339.194
urn:cite:musicmss:sg339.195,195,"St. Gallen, Stiftsbibliothek, Cod. Sang. 339, page 195.",urn:cite:musicmss:sg339.195
urn:cite:musicmss:sg339.196,196,"St. Gallen, Stiftsbibliothek, Cod. Sang. 339, page 196.",urn:cite:musicmss:sg339.196
urn:cite:musicmss:sg339.197,197,"St. Gallen, Stiftsbibliothek, Cod. Sang. 339, page 197.",urn:cite:musicmss:sg339.197
urn:cite:musicmss:sg339.198,198,"St. Gallen, Stiftsbibliothek, Cod. Sang. 339, page 198.",urn:cite:musicmss:sg339.198
urn:cite:musicmss:sg339.199,199,"St. Gallen, Stiftsbibliothek, Cod. Sang. 339, page 199.",urn:cite:musicmss:sg339.199
urn:cite:musicmss:sg339.200,200,"St. Gallen, Stiftsbibliothek, Cod. Sang. 339, page 200.",urn:cite:musicmss:sg339.200
urn:cite:musicmss:sg339.201,201,"St. Gallen, Stiftsbibliothek, Cod. Sang. 339, page 201.",urn:cite:musicmss:sg339.201
urn:cite:musicmss:sg339.202,202,"St. Gallen, Stiftsbibliothek, Cod. Sang. 339, page 202.",urn:cite:musicmss:sg339.202
urn:cite:musicmss:sg339.203,203,"St. Gallen, Stiftsbibliothek, Cod. Sang. 339, page 203.",urn:cite:musicmss:sg339.203
urn:cite:musicmss:sg339.204,204,"St. Gallen, Stiftsbibliothek, Cod. Sang. 339, page 204.",urn:cite:musicmss:sg339.204
urn:cite:musicmss:sg339.205,205,"St. Gallen, Stiftsbibliothek, Cod. Sang. 339, page 205.",urn:cite:musicmss:sg339.205
urn:cite:musicmss:sg339.206,206,"St. Gallen, Stiftsbibliothek, Cod. Sang. 339, page 206.",urn:cite:musicmss:sg339.206
urn:cite:musicmss:sg339.207,207,"St. Gallen, Stiftsbibliothek, Cod. Sang. 339, page 207.",urn:cite:musicmss:sg339.207
urn:cite:musicmss:sg339.208,208,"St. Gallen, Stiftsbibliothek, Cod. Sang. 339, page 208.",urn:cite:musicmss:sg339.208
urn:cite:musicmss:sg339.209,209,"St. Gallen, Stiftsbibliothek, Cod. Sang. 339, page 209.",urn:cite:musicmss:sg339.209
urn:cite:musicmss:sg339.210,210,"St. Gallen, Stiftsbibliothek, Cod. Sang. 339, page 210.",urn:cite:musicmss:sg339.210
urn:cite:musicmss:sg339.211,211,"St. Gallen, Stiftsbibliothek, Cod. Sang. 339, page 211.",urn:cite:musicmss:sg339.211
urn:cite:musicmss:sg339.212,212,"St. Gallen, Stiftsbibliothek, Cod. Sang. 339, page 212.",urn:cite:musicmss:sg339.212
urn:cite:musicmss:sg339.213,213,"St. Gallen, Stiftsbibliothek, Cod. Sang. 339, page 213.",urn:cite:musicmss:sg339.213
urn:cite:musicmss:sg339.214,214,"St. Gallen, Stiftsbibliothek, Cod. Sang. 339, page 214.",urn:cite:musicmss:sg339.214
urn:cite:musicmss:sg339.215,215,"St. Gallen, Stiftsbibliothek, Cod. Sang. 339, page 215.",urn:cite:musicmss:sg339.215
urn:cite:musicmss:sg339.216,216,"St. Gallen, Stiftsbibliothek, Cod. Sang. 339, page 216.",urn:cite:musicmss:sg339.216
urn:cite:musicmss:sg339.217,217,"St. Gallen, Stiftsbibliothek, Cod. Sang. 339, page 217.",urn:cite:musicmss:sg339.217
urn:cite:musicmss:sg339.218,218,"St. Gallen, Stiftsbibliothek, Cod. Sang. 339, page 218.",urn:cite:musicmss:sg339.218
urn:cite:musicmss:sg339.219,219,"St. Gallen, Stiftsbibliothek, Cod. Sang. 339, page 219.",urn:cite:musicmss:sg339.219
urn:cite:musicmss:sg339.220,220,"St. Gallen, Stiftsbibliothek, Cod. Sang. 339, page 220.",urn:cite:musicmss:sg339.220
urn:cite:musicmss:sg339.221,221,"St. Gallen, Stiftsbibliothek, Cod. Sang. 339, page 221.",urn:cite:musicmss:sg339.221
urn:cite:musicmss:sg339.222,222,"St. Gallen, Stiftsbibliothek, Cod. Sang. 339, page 222.",urn:cite:musicmss:sg339.222
urn:cite:musicmss:sg339.223,223,"St. Gallen, Stiftsbibliothek, Cod. Sang. 339, page 223.",urn:cite:musicmss:sg339.223
urn:cite:musicmss:sg339.224,224,"St. Gallen, Stiftsbibliothek, Cod. Sang. 339, page 224.",urn:cite:musicmss:sg339.224
urn:cite:musicmss:sg339.225,225,"St. Gallen, Stiftsbibliothek, Cod. Sang. 339, page 225.",urn:cite:musicmss:sg339.225
urn:cite:musicmss:sg339.226,226,"St. Gallen, Stiftsbibliothek, Cod. Sang. 339, page 226.",urn:cite:musicmss:sg339.226
urn:cite:musicmss:sg339.227,227,"St. Gallen, Stiftsbibliothek, Cod. Sang. 339, page 227.",urn:cite:musicmss:sg339.227
urn:cite:musicmss:sg339.228,228,"St. Gallen, Stiftsbibliothek, Cod. Sang. 339, page 228.",urn:cite:musicmss:sg339.228
urn:cite:musicmss:sg339.229,229,"St. Gallen, Stiftsbibliothek, Cod. Sang. 339, page 229.",urn:cite:musicmss:sg339.229
urn:cite:musicmss:sg339.230,230,"St. Gallen, Stiftsbibliothek, Cod. Sang. 339, page 230.",urn:cite:musicmss:sg339.230
urn:cite:musicmss:sg339.231,231,"St. Gallen, Stiftsbibliothek, Cod. Sang. 339, page 231.",urn:cite:musicmss:sg339.231
urn:cite:musicmss:sg339.232,232,"St. Gallen, Stiftsbibliothek, Cod. Sang. 339, page 232.",urn:cite:musicmss:sg339.232
urn:cite:musicmss:sg339.233,233,"St. Gallen, Stiftsbibliothek, Cod. Sang. 339, page 233.",urn:cite:musicmss:sg339.233
urn:cite:musicmss:sg339.234,234,"St. Gallen, Stiftsbibliothek, Cod. Sang. 339, page 234.",urn:cite:musicmss:sg339.234
urn:cite:musicmss:sg339.235,235,"St. Gallen, Stiftsbibliothek, Cod. Sang. 339, page 235.",urn:cite:musicmss:sg339.235
urn:cite:musicmss:sg339.236,236,"St. Gallen, Stiftsbibliothek, Cod. Sang. 339, page 236.",urn:cite:musicmss:sg339.236
urn:cite:musicmss:sg339.237,237,"St. Gallen, Stiftsbibliothek, Cod. Sang. 339, page 237.",urn:cite:musicmss:sg339.237
urn:cite:musicmss:sg339.238,238,"St. Gallen, Stiftsbibliothek, Cod. Sang. 339, page 238.",urn:cite:musicmss:sg339.238
urn:cite:musicmss:sg339.239,239,"St. Gallen, Stiftsbibliothek, Cod. Sang. 339, page 239.",urn:cite:musicmss:sg339.239
urn:cite:musicmss:sg339.240,240,"St. Gallen, Stiftsbibliothek, Cod. Sang. 339, page 240.",urn:cite:musicmss:sg339.240
urn:cite:musicmss:sg339.241,241,"St. Gallen, Stiftsbibliothek, Cod. Sang. 339, page 241.",urn:cite:musicmss:sg339.241
urn:cite:musicmss:sg339.242,242,"St. Gallen, Stiftsbibliothek, Cod. Sang. 339, page 242.",urn:cite:musicmss:sg339.242
urn:cite:musicmss:sg339.243,243,"St. Gallen, Stiftsbibliothek, Cod. Sang. 339, page 243.",urn:cite:musicmss:sg339.243
urn:cite:musicmss:sg339.244,244,"St. Gallen, Stiftsbibliothek, Cod. Sang. 339, page 244.",urn:cite:musicmss:sg339.244
urn:cite:musicmss:sg339.245,245,"St. Gallen, Stiftsbibliothek, Cod. Sang. 339, page 245.",urn:cite:musicmss:sg339.245
urn:cite:musicmss:sg339.246,246,"St. Gallen, Stiftsbibliothek, Cod. Sang. 339, page 246.",urn:cite:musicmss:sg339.246
urn:cite:musicmss:sg339.247,247,"St. Gallen, Stiftsbibliothek, Cod. Sang. 339, page 247.",urn:cite:musicmss:sg339.247
urn:cite:musicmss:sg339.248,248,"St. Gallen, Stiftsbibliothek, Cod. Sang. 339, page 248.",urn:cite:musicmss:sg339.248
urn:cite:musicmss:sg339.249,249,"St. Gallen, Stiftsbibliothek, Cod. Sang. 339, page 249.",urn:cite:musicmss:sg339.249
urn:cite:musicmss:sg339.250,250,"St. Gallen, Stiftsbibliothek, Cod. Sang. 339, page 250.",urn:cite:musicmss:sg339.250
urn:cite:musicmss:sg339.251,251,"St. Gallen, Stiftsbibliothek, Cod. Sang. 339, page 251.",urn:cite:musicmss:sg339.251
urn:cite:musicmss:sg339.252,252,"St. Gallen, Stiftsbibliothek, Cod. Sang. 339, page 252.",urn:cite:musicmss:sg339.252
urn:cite:musicmss:sg339.253,253,"St. Gallen, Stiftsbibliothek, Cod. Sang. 339, page 253.",urn:cite:musicmss:sg339.253
urn:cite:musicmss:sg339.254,254,"St. Gallen, Stiftsbibliothek, Cod. Sang. 339, page 254.",urn:cite:musicmss:sg339.254
urn:cite:musicmss:sg339.255,255,"St. Gallen, Stiftsbibliothek, Cod. Sang. 339, page 255.",urn:cite:musicmss:sg339.255
urn:cite:musicmss:sg339.256,256,"St. Gallen, Stiftsbibliothek, Cod. Sang. 339, page 256.",urn:cite:musicmss:sg339.256
urn:cite:musicmss:sg339.257,257,"St. Gallen, Stiftsbibliothek, Cod. Sang. 339, page 257.",urn:cite:musicmss:sg339.257
urn:cite:musicmss:sg339.258,258,"St. Gallen, Stiftsbibliothek, Cod. Sang. 339, page 258.",urn:cite:musicmss:sg339.258
urn:cite:musicmss:sg339.259,259,"St. Gallen, Stiftsbibliothek, Cod. Sang. 339, page 259.",urn:cite:musicmss:sg339.259
urn:cite:musicmss:sg339.260,260,"St. Gallen, Stiftsbibliothek, Cod. Sang. 339, page 260.",urn:cite:musicmss:sg339.260
urn:cite:musicmss:sg339.261,261,"St. Gallen, Stiftsbibliothek, Cod. Sang. 339, page 261.",urn:cite:musicmss:sg339.261
urn:cite:musicmss:sg339.262,262,"St. Gallen, Stiftsbibliothek, Cod. Sang. 339, page 262.",urn:cite:musicmss:sg339.262
urn:cite:musicmss:sg339.263,263,"St. Gallen, Stiftsbibliothek, Cod. Sang. 339, page 263.",urn:cite:musicmss:sg339.263
urn:cite:musicmss:sg339.264,264,"St. Gallen, Stiftsbibliothek, Cod. Sang. 339, page 264.",urn:cite:musicmss:sg339.264
urn:cite:musicmss:sg339.265,265,"St. Gallen, Stiftsbibliothek, Cod. Sang. 339, page 265.",urn:cite:musicmss:sg339.265
urn:cite:musicmss:sg339.266,266,"St. Gallen, Stiftsbibliothek, Cod. Sang. 339, page 266.",urn:cite:musicmss:sg339.266
urn:cite:musicmss:sg339.267,267,"St. Gallen, Stiftsbibliothek, Cod. Sang. 339, page 267.",urn:cite:musicmss:sg339.267
urn:cite:musicmss:sg339.268,268,"St. Gallen, Stiftsbibliothek, Cod. Sang. 339, page 268.",urn:cite:musicmss:sg339.268
urn:cite:musicmss:sg339.269,269,"St. Gallen, Stiftsbibliothek, Cod. Sang. 339, page 269.",urn:cite:musicmss:sg339.269
urn:cite:musicmss:sg339.270,270,"St. Gallen, Stiftsbibliothek, Cod. Sang. 339, page 270.",urn:cite:musicmss:sg339.270
urn:cite:musicmss:sg339.271,271,"St. Gallen, Stiftsbibliothek, Cod. Sang. 339, page 271.",urn:cite:musicmss:sg339.271
urn:cite:musicmss:sg339.272,272,"St. Gallen, Stiftsbibliothek, Cod. Sang. 339, page 272.",urn:cite:musicmss:sg339.272
urn:cite:musicmss:sg339.273,273,"St. Gallen, Stiftsbibliothek, Cod. Sang. 339, page 273.",urn:cite:musicmss:sg339.273
urn:cite:musicmss:sg339.274,274,"St. Gallen, Stiftsbibliothek, Cod. Sang. 339, page 274.",urn:cite:musicmss:sg339.274
urn:cite:musicmss:sg339.275,275,"St. Gallen, Stiftsbibliothek, Cod. Sang. 339, page 275.",urn:cite:musicmss:sg339.275
urn:cite:musicmss:sg339.276,276,"St. Gallen, Stiftsbibliothek, Cod. Sang. 339, page 276.",urn:cite:musicmss:sg339.276
urn:cite:musicmss:sg339.277,277,"St. Gallen, Stiftsbibliothek, Cod. Sang. 339, page 277.",urn:cite:musicmss:sg339.277
urn:cite:musicmss:sg339.278,278,"St. Gallen, Stiftsbibliothek, Cod. Sang. 339, page 278.",urn:cite:musicmss:sg339.278
urn:cite:musicmss:sg339.279,279,"St. Gallen, Stiftsbibliothek, Cod. Sang. 339, page 279.",urn:cite:musicmss:sg339.279
urn:cite:musicmss:sg339.280,280,"St. Gallen, Stiftsbibliothek, Cod. Sang. 339, page 280.",urn:cite:musicmss:sg339.280
urn:cite:musicmss:sg339.281,281,"St. Gallen, Stiftsbibliothek, Cod. Sang. 339, page 281.",urn:cite:musicmss:sg339.281
urn:cite:musicmss:sg339.282,282,"St. Gallen, Stiftsbibliothek, Cod. Sang. 339, page 282.",urn:cite:musicmss:sg339.282
urn:cite:musicmss:sg339.283,283,"St. Gallen, Stiftsbibliothek, Cod. Sang. 339, page 283.",urn:cite:musicmss:sg339.283
urn:cite:musicmss:sg339.284,284,"St. Gallen, Stiftsbibliothek, Cod. Sang. 339, page 284.",urn:cite:musicmss:sg339.284
urn:cite:musicmss:sg339.285,285,"St. Gallen, Stiftsbibliothek, Cod. Sang. 339, page 285.",urn:cite:musicmss:sg339.285
urn:cite:musicmss:sg339.286,286,"St. Gallen, Stiftsbibliothek, Cod. Sang. 339, page 286.",urn:cite:musicmss:sg339.286
urn:cite:musicmss:sg339.287,287,"St. Gallen, Stiftsbibliothek, Cod. Sang. 339, page 287.",urn:cite:musicmss:sg339.287
urn:cite:musicmss:sg339.288,288,"St. Gallen, Stiftsbibliothek, Cod. Sang. 339, page 288.",urn:cite:musicmss:sg339.288
urn:cite:musicmss:sg339.289,289,"St. Gallen, Stiftsbibliothek, Cod. Sang. 339, page 289.",urn:cite:musicmss:sg339.289
urn:cite:musicmss:sg339.290,290,"St. Gallen, Stiftsbibliothek, Cod. Sang. 339, page 290.",urn:cite:musicmss:sg339.290
urn:cite:musicmss:sg339.291,291,"St. Gallen, Stiftsbibliothek, Cod. Sang. 339, page 291.",urn:cite:musicmss:sg339.291
urn:cite:musicmss:sg339.292,292,"St. Gallen, Stiftsbibliothek, Cod. Sang. 339, page 292.",urn:cite:musicmss:sg339.292
urn:cite:musicmss:sg339.293,293,"St. Gallen, Stiftsbibliothek, Cod. Sang. 339, page 293.",urn:cite:musicmss:sg339.293
urn:cite:musicmss:sg339.294,294,"St. Gallen, Stiftsbibliothek, Cod. Sang. 339, page 294.",urn:cite:musicmss:sg339.294
urn:cite:musicmss:sg339.295,295,"St. Gallen, Stiftsbibliothek, Cod. Sang. 339, page 295.",urn:cite:musicmss:sg339.295
urn:cite:musicmss:sg339.296,296,"St. Gallen, Stiftsbibliothek, Cod. Sang. 339, page 296.",urn:cite:musicmss:sg339.296
urn:cite:musicmss:sg339.297,297,"St. Gallen, Stiftsbibliothek, Cod. Sang. 339, page 297.",urn:cite:musicmss:sg339.297
urn:cite:musicmss:sg339.298,298,"St. Gallen, Stiftsbibliothek, Cod. Sang. 339, page 298.",urn:cite:musicmss:sg339.298
urn:cite:musicmss:sg339.299,299,"St. Gallen, Stiftsbibliothek, Cod. Sang. 339, page 299.",urn:cite:musicmss:sg339.299
urn:cite:musicmss:sg339.300,300,"St. Gallen, Stiftsbibliothek, Cod. Sang. 339, page 300.",urn:cite:musicmss:sg339.300
urn:cite:musicmss:sg339.301,301,"St. Gallen, Stiftsbibliothek, Cod. Sang. 339, page 301.",urn:cite:musicmss:sg339.301
urn:cite:musicmss:sg339.302,302,"St. Gallen, Stiftsbibliothek, Cod. Sang. 339, page 302.",urn:cite:musicmss:sg339.302
urn:cite:musicmss:sg339.303,303,"St. Gallen, Stiftsbibliothek, Cod. Sang. 339, page 303.",urn:cite:musicmss:sg339.303
urn:cite:musicmss:sg339.304,304,"St. Gallen, Stiftsbibliothek, Cod. Sang. 339, page 304.",urn:cite:musicmss:sg339.304
urn:cite:musicmss:sg339.305,305,"St. Gallen, Stiftsbibliothek, Cod. Sang. 339, page 305.",urn:cite:musicmss:sg339.305
urn:cite:musicmss:sg339.306,306,"St. Gallen, Stiftsbibliothek, Cod. Sang. 339, page 306.",urn:cite:musicmss:sg339.306
urn:cite:musicmss:sg339.307,307,"St. Gallen, Stiftsbibliothek, Cod. Sang. 339, page 307.",urn:cite:musicmss:sg339.307
urn:cite:musicmss:sg339.308,308,"St. Gallen, Stiftsbibliothek, Cod. Sang. 339, page 308.",urn:cite:musicmss:sg339.308
urn:cite:musicmss:sg339.309,309,"St. Gallen, Stiftsbibliothek, Cod. Sang. 339, page 309.",urn:cite:musicmss:sg339.309
urn:cite:musicmss:sg339.310,310,"St. Gallen, Stiftsbibliothek, Cod. Sang. 339, page 310.",urn:cite:musicmss:sg339.310
urn:cite:musicmss:sg339.311,311,"St. Gallen, Stiftsbibliothek, Cod. Sang. 339, page 311.",urn:cite:musicmss:sg339.311
urn:cite:musicmss:sg339.312,312,"St. Gallen, Stiftsbibliothek, Cod. Sang. 339, page 312.",urn:cite:musicmss:sg339.312
urn:cite:musicmss:sg339.313,313,"St. Gallen, Stiftsbibliothek, Cod. Sang. 339, page 313.",urn:cite:musicmss:sg339.313
urn:cite:musicmss:sg339.314,314,"St. Gallen, Stiftsbibliothek, Cod. Sang. 339, page 314.",urn:cite:musicmss:sg339.314
urn:cite:musicmss:sg339.315,315,"St. Gallen, Stiftsbibliothek, Cod. Sang. 339, page 315.",urn:cite:musicmss:sg339.315
urn:cite:musicmss:sg339.316,316,"St. Gallen, Stiftsbibliothek, Cod. Sang. 339, page 316.",urn:cite:musicmss:sg339.316
urn:cite:musicmss:sg339.317,317,"St. Gallen, Stiftsbibliothek, Cod. Sang. 339, page 317.",urn:cite:musicmss:sg339.317
urn:cite:musicmss:sg339.318,318,"St. Gallen, Stiftsbibliothek, Cod. Sang. 339, page 318.",urn:cite:musicmss:sg339.318
urn:cite:musicmss:sg339.319,319,"St. Gallen, Stiftsbibliothek, Cod. Sang. 339, page 319.",urn:cite:musicmss:sg339.319
urn:cite:musicmss:sg339.320,320,"St. Gallen, Stiftsbibliothek, Cod. Sang. 339, page 320.",urn:cite:musicmss:sg339.320
urn:cite:musicmss:sg339.321,321,"St. Gallen, Stiftsbibliothek, Cod. Sang. 339, page 321.",urn:cite:musicmss:sg339.321
urn:cite:musicmss:sg339.322,322,"St. Gallen, Stiftsbibliothek, Cod. Sang. 339, page 322.",urn:cite:musicmss:sg339.322
urn:cite:musicmss:sg339.323,323,"St. Gallen, Stiftsbibliothek, Cod. Sang. 339, page 323.",urn:cite:musicmss:sg339.323
urn:cite:musicmss:sg339.324,324,"St. Gallen, Stiftsbibliothek, Cod. Sang. 339, page 324.",urn:cite:musicmss:sg339.324
urn:cite:musicmss:sg339.325,325,"St. Gallen, Stiftsbibliothek, Cod. Sang. 339, page 325.",urn:cite:musicmss:sg339.325
urn:cite:musicmss:sg339.326,326,"St. Gallen, Stiftsbibliothek, Cod. Sang. 339, page 326.",urn:cite:musicmss:sg339.326
urn:cite:musicmss:sg339.327,327,"St. Gallen, Stiftsbibliothek, Cod. Sang. 339, page 327.",urn:cite:musicmss:sg339.327
urn:cite:musicmss:sg339.328,328,"St. Gallen, Stiftsbibliothek, Cod. Sang. 339, page 328.",urn:cite:musicmss:sg339.328
urn:cite:musicmss:sg339.329,329,"St. Gallen, Stiftsbibliothek, Cod. Sang. 339, page 329.",urn:cite:musicmss:sg339.329
urn:cite:musicmss:sg339.330,330,"St. Gallen, Stiftsbibliothek, Cod. Sang. 339, page 330.",urn:cite:musicmss:sg339.330
urn:cite:musicmss:sg339.331,331,"St. Gallen, Stiftsbibliothek, Cod. Sang. 339, page 331.",urn:cite:musicmss:sg339.331
urn:cite:musicmss:sg339.332,332,"St. Gallen, Stiftsbibliothek, Cod. Sang. 339, page 332.",urn:cite:musicmss:sg339.332
urn:cite:musicmss:sg339.333,333,"St. Gallen, Stiftsbibliothek, Cod. Sang. 339, page 333.",urn:cite:musicmss:sg339.333
urn:cite:musicmss:sg339.334,334,"St. Gallen, Stiftsbibliothek, Cod. Sang. 339, page 334.",urn:cite:musicmss:sg339.334
urn:cite:musicmss:sg339.335,335,"St. Gallen, Stiftsbibliothek, Cod. Sang. 339, page 335.",urn:cite:musicmss:sg339.335
urn:cite:musicmss:sg339.336,336,"St. Gallen, Stiftsbibliothek, Cod. Sang. 339, page 336.",urn:cite:musicmss:sg339.336
urn:cite:musicmss:sg339.337,337,"St. Gallen, Stiftsbibliothek, Cod. Sang. 339, page 337.",urn:cite:musicmss:sg339.337
urn:cite:musicmss:sg339.338,338,"St. Gallen, Stiftsbibliothek, Cod. Sang. 339, page 338.",urn:cite:musicmss:sg339.338
urn:cite:musicmss:sg339.339,339,"St. Gallen, Stiftsbibliothek, Cod. Sang. 339, page 339.",urn:cite:musicmss:sg339.339
urn:cite:musicmss:sg339.340,340,"St. Gallen, Stiftsbibliothek, Cod. Sang. 339, page 340.",urn:cite:musicmss:sg339.340
urn:cite:musicmss:sg339.341,341,"St. Gallen, Stiftsbibliothek, Cod. Sang. 339, page 341.",urn:cite:musicmss:sg339.341
urn:cite:musicmss:sg339.342,342,"St. Gallen, Stiftsbibliothek, Cod. Sang. 339, page 342.",urn:cite:musicmss:sg339.342
urn:cite:musicmss:sg339.343,343,"St. Gallen, Stiftsbibliothek, Cod. Sang. 339, page 343.",urn:cite:musicmss:sg339.343
urn:cite:musicmss:sg339.344,344,"St. Gallen, Stiftsbibliothek, Cod. Sang. 339, page 344.",urn:cite:musicmss:sg339.344
urn:cite:musicmss:sg339.345,345,"St. Gallen, Stiftsbibliothek, Cod. Sang. 339, page 345.",urn:cite:musicmss:sg339.345
urn:cite:musicmss:sg339.346,346,"St. Gallen, Stiftsbibliothek, Cod. Sang. 339, page 346.",urn:cite:musicmss:sg339.346
urn:cite:musicmss:sg339.347,347,"St. Gallen, Stiftsbibliothek, Cod. Sang. 339, page 347.",urn:cite:musicmss:sg339.347
urn:cite:musicmss:sg339.348,348,"St. Gallen, Stiftsbibliothek, Cod. Sang. 339, page 348.",urn:cite:musicmss:sg339.348
urn:cite:musicmss:sg339.349,349,"St. Gallen, Stiftsbibliothek, Cod. Sang. 339, page 349.",urn:cite:musicmss:sg339.349
urn:cite:musicmss:sg339.350,350,"St. Gallen, Stiftsbibliothek, Cod. Sang. 339, page 350.",urn:cite:musicmss:sg339.350
urn:cite:musicmss:sg339.351,351,"St. Gallen, Stiftsbibliothek, Cod. Sang. 339, page 351.",urn:cite:musicmss:sg339.351
urn:cite:musicmss:sg339.352,352,"St. Gallen, Stiftsbibliothek, Cod. Sang. 339, page 352.",urn:cite:musicmss:sg339.352
urn:cite:musicmss:sg339.353,353,"St. Gallen, Stiftsbibliothek, Cod. Sang. 339, page 353.",urn:cite:musicmss:sg339.353
urn:cite:musicmss:sg339.354,354,"St. Gallen, Stiftsbibliothek, Cod. Sang. 339, page 354.",urn:cite:musicmss:sg339.354
urn:cite:musicmss:sg339.355,355,"St. Gallen, Stiftsbibliothek, Cod. Sang. 339, page 355.",urn:cite:musicmss:sg339.355
urn:cite:musicmss:sg339.356,356,"St. Gallen, Stiftsbibliothek, Cod. Sang. 339, page 356.",urn:cite:musicmss:sg339.356
urn:cite:musicmss:sg339.357,357,"St. Gallen, Stiftsbibliothek, Cod. Sang. 339, page 357.",urn:cite:musicmss:sg339.357
urn:cite:musicmss:sg339.358,358,"St. Gallen, Stiftsbibliothek, Cod. Sang. 339, page 358.",urn:cite:musicmss:sg339.358
urn:cite:musicmss:sg339.359,359,"St. Gallen, Stiftsbibliothek, Cod. Sang. 339, page 359.",urn:cite:musicmss:sg339.359
urn:cite:musicmss:sg339.360,360,"St. Gallen, Stiftsbibliothek, Cod. Sang. 339, page 360.",urn:cite:musicmss:sg339.360
urn:cite:musicmss:sg339.361,361,"St. Gallen, Stiftsbibliothek, Cod. Sang. 339, page 361.",urn:cite:musicmss:sg339.361
urn:cite:musicmss:sg339.362,362,"St. Gallen, Stiftsbibliothek, Cod. Sang. 339, page 362.",urn:cite:musicmss:sg339.362
urn:cite:musicmss:sg339.363,363,"St. Gallen, Stiftsbibliothek, Cod. Sang. 339, page 363.",urn:cite:musicmss:sg339.363
urn:cite:musicmss:sg339.364,364,"St. Gallen, Stiftsbibliothek, Cod. Sang. 339, page 364.",urn:cite:musicmss:sg339.364
urn:cite:musicmss:sg339.365,365,"St. Gallen, Stiftsbibliothek, Cod. Sang. 339, page 365.",urn:cite:musicmss:sg339.365
urn:cite:musicmss:sg339.366,366,"St. Gallen, Stiftsbibliothek, Cod. Sang. 339, page 366.",urn:cite:musicmss:sg339.366
urn:cite:musicmss:sg339.367,367,"St. Gallen, Stiftsbibliothek, Cod. Sang. 339, page 367.",urn:cite:musicmss:sg339.367
urn:cite:musicmss:sg339.368,368,"St. Gallen, Stiftsbibliothek, Cod. Sang. 339, page 368.",urn:cite:musicmss:sg339.368
urn:cite:musicmss:sg339.369,369,"St. Gallen, Stiftsbibliothek, Cod. Sang. 339, page 369.",urn:cite:musicmss:sg339.369
urn:cite:musicmss:sg339.370,370,"St. Gallen, Stiftsbibliothek, Cod. Sang. 339, page 370.",urn:cite:musicmss:sg339.370
urn:cite:musicmss:sg339.371,371,"St. Gallen, Stiftsbibliothek, Cod. Sang. 339, page 371.",urn:cite:musicmss:sg339.371
urn:cite:musicmss:sg339.372,372,"St. Gallen, Stiftsbibliothek, Cod. Sang. 339, page 372.",urn:cite:musicmss:sg339.372
urn:cite:musicmss:sg339.373,373,"St. Gallen, Stiftsbibliothek, Cod. Sang. 339, page 373.",urn:cite:musicmss:sg339.373
urn:cite:musicmss:sg339.374,374,"St. Gallen, Stiftsbibliothek, Cod. Sang. 339, page 374.",urn:cite:musicmss:sg339.374
urn:cite:musicmss:sg339.375,375,"St. Gallen, Stiftsbibliothek, Cod. Sang. 339, page 375.",urn:cite:musicmss:sg339.375
urn:cite:musicmss:sg339.376,376,"St. Gallen, Stiftsbibliothek, Cod. Sang. 339, page 376.",urn:cite:musicmss:sg339.376
urn:cite:musicmss:sg339.377,377,"St. Gallen, Stiftsbibliothek, Cod. Sang. 339, page 377.",urn:cite:musicmss:sg339.377
urn:cite:musicmss:sg339.378,378,"St. Gallen, Stiftsbibliothek, Cod. Sang. 339, page 378.",urn:cite:musicmss:sg339.378
urn:cite:musicmss:sg339.379,379,"St. Gallen, Stiftsbibliothek, Cod. Sang. 339, page 379.",urn:cite:musicmss:sg339.379
urn:cite:musicmss:sg339.380,380,"St. Gallen, Stiftsbibliothek, Cod. Sang. 339, page 380.",urn:cite:musicmss:sg339.380
urn:cite:musicmss:sg339.381,381,"St. Gallen, Stiftsbibliothek, Cod. Sang. 339, page 381.",urn:cite:musicmss:sg339.381
urn:cite:musicmss:sg339.382,382,"St. Gallen, Stiftsbibliothek, Cod. Sang. 339, page 382.",urn:cite:musicmss:sg339.382
urn:cite:musicmss:sg339.383,383,"St. Gallen, Stiftsbibliothek, Cod. Sang. 339, page 383.",urn:cite:musicmss:sg339.383
urn:cite:musicmss:sg339.384,384,"St. Gallen, Stiftsbibliothek, Cod. Sang. 339, page 384.",urn:cite:musicmss:sg339.384
urn:cite:musicmss:sg339.385,385,"St. Gallen, Stiftsbibliothek, Cod. Sang. 339, page 385.",urn:cite:musicmss:sg339.385
urn:cite:musicmss:sg339.386,386,"St. Gallen, Stiftsbibliothek, Cod. Sang. 339, page 386.",urn:cite:musicmss:sg339.386
urn:cite:musicmss:sg339.387,387,"St. Gallen, Stiftsbibliothek, Cod. Sang. 339, page 387.",urn:cite:musicmss:sg339.387
urn:cite:musicmss:sg339.388,388,"St. Gallen, Stiftsbibliothek, Cod. Sang. 339, page 388.",urn:cite:musicmss:sg339.388
urn:cite:musicmss:sg339.389,389,"St. Gallen, Stiftsbibliothek, Cod. Sang. 339, page 389.",urn:cite:musicmss:sg339.389
urn:cite:musicmss:sg339.390,390,"St. Gallen, Stiftsbibliothek, Cod. Sang. 339, page 390.",urn:cite:musicmss:sg339.390
urn:cite:musicmss:sg339.391,391,"St. Gallen, Stiftsbibliothek, Cod. Sang. 339, page 391.",urn:cite:musicmss:sg339.391
urn:cite:musicmss:sg339.392,392,"St. Gallen, Stiftsbibliothek, Cod. Sang. 339, page 392.",urn:cite:musicmss:sg339.392
urn:cite:musicmss:sg339.393,393,"St. Gallen, Stiftsbibliothek, Cod. Sang. 339, page 393.",urn:cite:musicmss:sg339.393
urn:cite:musicmss:sg339.394,394,"St. Gallen, Stiftsbibliothek, Cod. Sang. 339, page 394.",urn:cite:musicmss:sg339.394
urn:cite:musicmss:sg339.395,395,"St. Gallen, Stiftsbibliothek, Cod. Sang. 339, page 395.",urn:cite:musicmss:sg339.395
urn:cite:musicmss:sg339.396,396,"St. Gallen, Stiftsbibliothek, Cod. Sang. 339, page 396.",urn:cite:musicmss:sg339.396
urn:cite:musicmss:sg339.397,397,"St. Gallen, Stiftsbibliothek, Cod. Sang. 339, page 397.",urn:cite:musicmss:sg339.397
urn:cite:musicmss:sg339.398,398,"St. Gallen, Stiftsbibliothek, Cod. Sang. 339, page 398.",urn:cite:musicmss:sg339.398
urn:cite:musicmss:sg339.399,399,"St. Gallen, Stiftsbibliothek, Cod. Sang. 339, page 399.",urn:cite:musicmss:sg339.399
urn:cite:musicmss:sg339.400,400,"St. Gallen, Stiftsbibliothek, Cod. Sang. 339, page 400.",urn:cite:musicmss:sg339.400
urn:cite:musicmss:sg339.401,401,"St. Gallen, Stiftsbibliothek, Cod. Sang. 339, page 401.",urn:cite:musicmss:sg339.401
urn:cite:musicmss:sg339.402,402,"St. Gallen, Stiftsbibliothek, Cod. Sang. 339, page 402.",urn:cite:musicmss:sg339.402
urn:cite:musicmss:sg339.403,403,"St. Gallen, Stiftsbibliothek, Cod. Sang. 339, page 403.",urn:cite:musicmss:sg339.403
urn:cite:musicmss:sg339.404,404,"St. Gallen, Stiftsbibliothek, Cod. Sang. 339, page 404.",urn:cite:musicmss:sg339.404
urn:cite:musicmss:sg339.405,405,"St. Gallen, Stiftsbibliothek, Cod. Sang. 339, page 405.",urn:cite:musicmss:sg339.405
urn:cite:musicmss:sg339.406,406,"St. Gallen, Stiftsbibliothek, Cod. Sang. 339, page 406.",urn:cite:musicmss:sg339.406
urn:cite:musicmss:sg339.407,407,"St. Gallen, Stiftsbibliothek, Cod. Sang. 339, page 407.",urn:cite:musicmss:sg339.407
urn:cite:musicmss:sg339.408,408,"St. Gallen, Stiftsbibliothek, Cod. Sang. 339, page 408.",urn:cite:musicmss:sg339.408
urn:cite:musicmss:sg339.409,409,"St. Gallen, Stiftsbibliothek, Cod. Sang. 339, page 409.",urn:cite:musicmss:sg339.409
urn:cite:musicmss:sg339.410,410,"St. Gallen, Stiftsbibliothek, Cod. Sang. 339, page 410.",urn:cite:musicmss:sg339.410
urn:cite:musicmss:sg339.411,411,"St. Gallen, Stiftsbibliothek, Cod. Sang. 339, page 411.",urn:cite:musicmss:sg339.411
urn:cite:musicmss:sg339.412,412,"St. Gallen, Stiftsbibliothek, Cod. Sang. 339, page 412.",urn:cite:musicmss:sg339.412
urn:cite:musicmss:sg339.413,413,"St. Gallen, Stiftsbibliothek, Cod. Sang. 339, page 413.",urn:cite:musicmss:sg339.413
urn:cite:musicmss:sg339.414,414,"St. Gallen, Stiftsbibliothek, Cod. Sang. 339, page 414.",urn:cite:musicmss:sg339.414
urn:cite:musicmss:sg339.415,415,"St. Gallen, Stiftsbibliothek, Cod. Sang. 339, page 415.",urn:cite:musicmss:sg339.415
urn:cite:musicmss:sg339.416,416,"St. Gallen, Stiftsbibliothek, Cod. Sang. 339, page 416.",urn:cite:musicmss:sg339.416
urn:cite:musicmss:sg339.417,417,"St. Gallen, Stiftsbibliothek, Cod. Sang. 339, page 417.",urn:cite:musicmss:sg339.417
urn:cite:musicmss:sg339.418,418,"St. Gallen, Stiftsbibliothek, Cod. Sang. 339, page 418.",urn:cite:musicmss:sg339.418
urn:cite:musicmss:sg339.419,419,"St. Gallen, Stiftsbibliothek, Cod. Sang. 339, page 419.",urn:cite:musicmss:sg339.419
urn:cite:musicmss:sg339.420,420,"St. Gallen, Stiftsbibliothek, Cod. Sang. 339, page 420.",urn:cite:musicmss:sg339.420
urn:cite:musicmss:sg339.421,421,"St. Gallen, Stiftsbibliothek, Cod. Sang. 339, page 421.",urn:cite:musicmss:sg339.421
urn:cite:musicmss:sg339.422,422,"St. Gallen, Stiftsbibliothek, Cod. Sang. 339, page 422.",urn:cite:musicmss:sg339.422
urn:cite:musicmss:sg339.423,423,"St. Gallen, Stiftsbibliothek, Cod. Sang. 339, page 423.",urn:cite:musicmss:sg339.423
urn:cite:musicmss:sg339.424,424,"St. Gallen, Stiftsbibliothek, Cod. Sang. 339, page 424.",urn:cite:musicmss:sg339.424
urn:cite:musicmss:sg339.425,425,"St. Gallen, Stiftsbibliothek, Cod. Sang. 339, page 425.",urn:cite:musicmss:sg339.425
urn:cite:musicmss:sg339.426,426,"St. Gallen, Stiftsbibliothek, Cod. Sang. 339, page 426.",urn:cite:musicmss:sg339.426
urn:cite:musicmss:sg339.427,427,"St. Gallen, Stiftsbibliothek, Cod. Sang. 339, page 427.",urn:cite:musicmss:sg339.427
urn:cite:musicmss:sg339.428,428,"St. Gallen, Stiftsbibliothek, Cod. Sang. 339, page 428.",urn:cite:musicmss:sg339.428
urn:cite:musicmss:sg339.429,429,"St. Gallen, Stiftsbibliothek, Cod. Sang. 339, page 429.",urn:cite:musicmss:sg339.429
urn:cite:musicmss:sg339.430,430,"St. Gallen, Stiftsbibliothek, Cod. Sang. 339, page 430.",urn:cite:musicmss:sg339.430
urn:cite:musicmss:sg339.431,431,"St. Gallen, Stiftsbibliothek, Cod. Sang. 339, page 431.",urn:cite:musicmss:sg339.431
urn:cite:musicmss:sg339.432,432,"St. Gallen, Stiftsbibliothek, Cod. Sang. 339, page 432.",urn:cite:musicmss:sg339.432
urn:cite:musicmss:sg339.433,433,"St. Gallen, Stiftsbibliothek, Cod. Sang. 339, page 433.",urn:cite:musicmss:sg339.433
urn:cite:musicmss:sg339.434,434,"St. Gallen, Stiftsbibliothek, Cod. Sang. 339, page 434.",urn:cite:musicmss:sg339.434
urn:cite:musicmss:sg339.435,435,"St. Gallen, Stiftsbibliothek, Cod. Sang. 339, page 435.",urn:cite:musicmss:sg339.435
urn:cite:musicmss:sg339.436,436,"St. Gallen, Stiftsbibliothek, Cod. Sang. 339, page 436.",urn:cite:musicmss:sg339.436
urn:cite:musicmss:sg339.437,437,"St. Gallen, Stiftsbibliothek, Cod. Sang. 339, page 437.",urn:cite:musicmss:sg339.437
urn:cite:musicmss:sg339.438,438,"St. Gallen, Stiftsbibliothek, Cod. Sang. 339, page 438.",urn:cite:musicmss:sg339.438
urn:cite:musicmss:sg339.439,439,"St. Gallen, Stiftsbibliothek, Cod. Sang. 339, page 439.",urn:cite:musicmss:sg339.439
urn:cite:musicmss:sg339.440,440,"St. Gallen, Stiftsbibliothek, Cod. Sang. 339, page 440.",urn:cite:musicmss:sg339.440
urn:cite:musicmss:sg339.441,441,"St. Gallen, Stiftsbibliothek, Cod. Sang. 339, page 441.",urn:cite:musicmss:sg339.441
urn:cite:musicmss:sg339.442,442,"St. Gallen, Stiftsbibliothek, Cod. Sang. 339, page 442.",urn:cite:musicmss:sg339.442
urn:cite:musicmss:sg339.443,443,"St. Gallen, Stiftsbibliothek, Cod. Sang. 339, page 443.",urn:cite:musicmss:sg339.443
urn:cite:musicmss:sg339.444,444,"St. Gallen, Stiftsbibliothek, Cod. Sang. 339, page 444.",urn:cite:musicmss:sg339.444
urn:cite:musicmss:sg339.445,445,"St. Gallen, Stiftsbibliothek, Cod. Sang. 339, page 445.",urn:cite:musicmss:sg339.445
urn:cite:musicmss:sg339.446,446,"St. Gallen, Stiftsbibliothek, Cod. Sang. 339, page 446.",urn:cite:musicmss:sg339.446
urn:cite:musicmss:sg339.447,447,"St. Gallen, Stiftsbibliothek, Cod. Sang. 339, page 447.",urn:cite:musicmss:sg339.447
urn:cite:musicmss:sg339.448,448,"St. Gallen, Stiftsbibliothek, Cod. Sang. 339, page 448.",urn:cite:musicmss:sg339.448
urn:cite:musicmss:sg339.449,449,"St. Gallen, Stiftsbibliothek, Cod. Sang. 339, page 449.",urn:cite:musicmss:sg339.449
urn:cite:musicmss:sg339.450,450,"St. Gallen, Stiftsbibliothek, Cod. Sang. 339, page 450.",urn:cite:musicmss:sg339.450
urn:cite:musicmss:sg339.451,451,"St. Gallen, Stiftsbibliothek, Cod. Sang. 339, page 451.",urn:cite:musicmss:sg339.451
urn:cite:musicmss:sg339.452,452,"St. Gallen, Stiftsbibliothek, Cod. Sang. 339, page 452.",urn:cite:musicmss:sg339.452
urn:cite:musicmss:sg339.453,453,"St. Gallen, Stiftsbibliothek, Cod. Sang. 339, page 453.",urn:cite:musicmss:sg339.453
urn:cite:musicmss:sg339.454,454,"St. Gallen, Stiftsbibliothek, Cod. Sang. 339, page 454.",urn:cite:musicmss:sg339.454
urn:cite:musicmss:sg339.455,455,"St. Gallen, Stiftsbibliothek, Cod. Sang. 339, page 455.",urn:cite:musicmss:sg339.455
urn:cite:musicmss:sg339.456,456,"St. Gallen, Stiftsbibliothek, Cod. Sang. 339, page 456.",urn:cite:musicmss:sg339.456
urn:cite:musicmss:sg339.457,457,"St. Gallen, Stiftsbibliothek, Cod. Sang. 339, page 457.",urn:cite:musicmss:sg339.457
urn:cite:musicmss:sg339.458,458,"St. Gallen, Stiftsbibliothek, Cod. Sang. 339, page 458.",urn:cite:musicmss:sg339.458
urn:cite:musicmss:sg339.459,459,"St. Gallen, Stiftsbibliothek, Cod. Sang. 339, page 459.",urn:cite:musicmss:sg339.459
urn:cite:musicmss:sg339.460,460,"St. Gallen, Stiftsbibliothek, Cod. Sang. 339, page 460.",urn:cite:musicmss:sg339.460
urn:cite:musicmss:sg339.461,461,"St. Gallen, Stiftsbibliothek, Cod. Sang. 339, page 461.",urn:cite:musicmss:sg339.461
urn:cite:musicmss:sg339.462,462,"St. Gallen, Stiftsbibliothek, Cod. Sang. 339, page 462.",urn:cite:musicmss:sg339.462
urn:cite:musicmss:sg339.463,463,"St. Gallen, Stiftsbibliothek, Cod. Sang. 339, page 463.",urn:cite:musicmss:sg339.463
urn:cite:musicmss:sg339.464,464,"St. Gallen, Stiftsbibliothek, Cod. Sang. 339, page 464.",urn:cite:musicmss:sg339.464
urn:cite:musicmss:sg339.465,465,"St. Gallen, Stiftsbibliothek, Cod. Sang. 339, page 465.",urn:cite:musicmss:sg339.465
urn:cite:musicmss:sg339.466,466,"St. Gallen, Stiftsbibliothek, Cod. Sang. 339, page 466.",urn:cite:musicmss:sg339.466
urn:cite:musicmss:sg339.467,467,"St. Gallen, Stiftsbibliothek, Cod. Sang. 339, page 467.",urn:cite:musicmss:sg339.467
urn:cite:musicmss:sg339.468,468,"St. Gallen, Stiftsbibliothek, Cod. Sang. 339, page 468.",urn:cite:musicmss:sg339.468
urn:cite:musicmss:sg339.469,469,"St. Gallen, Stiftsbibliothek, Cod. Sang. 339, page 469.",urn:cite:musicmss:sg339.469
urn:cite:musicmss:sg339.470,470,"St. Gallen, Stiftsbibliothek, Cod. Sang. 339, page 470.",urn:cite:musicmss:sg339.470
urn:cite:musicmss:sg339.471,471,"St. Gallen, Stiftsbibliothek, Cod. Sang. 339, page 471.",urn:cite:musicmss:sg339.471
urn:cite:musicmss:sg339.472,472,"St. Gallen, Stiftsbibliothek, Cod. Sang. 339, page 472.",urn:cite:musicmss:sg339.472
urn:cite:musicmss:sg339.473,473,"St. Gallen, Stiftsbibliothek, Cod. Sang. 339, page 473.",urn:cite:musicmss:sg339.473
urn:cite:musicmss:sg339.474,474,"St. Gallen, Stiftsbibliothek, Cod. Sang. 339, page 474.",urn:cite:musicmss:sg339.474
urn:cite:musicmss:sg339.475,475,"St. Gallen, Stiftsbibliothek, Cod. Sang. 339, page 475.",urn:cite:musicmss:sg339.475
urn:cite:musicmss:sg339.476,476,"St. Gallen, Stiftsbibliothek, Cod. Sang. 339, page 476.",urn:cite:musicmss:sg339.476
urn:cite:musicmss:sg339.477,477,"St. Gallen, Stiftsbibliothek, Cod. Sang. 339, page 477.",urn:cite:musicmss:sg339.477
urn:cite:musicmss:sg339.478,478,"St. Gallen, Stiftsbibliothek, Cod. Sang. 339, page 478.",urn:cite:musicmss:sg339.478
urn:cite:musicmss:sg339.479,479,"St. Gallen, Stiftsbibliothek, Cod. Sang. 339, page 479.",urn:cite:musicmss:sg339.479
urn:cite:musicmss:sg339.480,480,"St. Gallen, Stiftsbibliothek, Cod. Sang. 339, page 480.",urn:cite:musicmss:sg339.480
urn:cite:musicmss:sg339.481,481,"St. Gallen, Stiftsbibliothek, Cod. Sang. 339, page 481.",urn:cite:musicmss:sg339.481
urn:cite:musicmss:sg339.482,482,"St. Gallen, Stiftsbibliothek, Cod. Sang. 339, page 482.",urn:cite:musicmss:sg339.482
urn:cite:musicmss:sg339.483,483,"St. Gallen, Stiftsbibliothek, Cod. Sang. 339, page 483.",urn:cite:musicmss:sg339.483
urn:cite:musicmss:sg339.484,484,"St. Gallen, Stiftsbibliothek, Cod. Sang. 339, page 484.",urn:cite:musicmss:sg339.484
urn:cite:musicmss:sg339.485,485,"St. Gallen, Stiftsbibliothek, Cod. Sang. 339, page 485.",urn:cite:musicmss:sg339.485
urn:cite:musicmss:sg339.486,486,"St. Gallen, Stiftsbibliothek, Cod. Sang. 339, page 486.",urn:cite:musicmss:sg339.486
urn:cite:musicmss:sg339.487,487,"St. Gallen, Stiftsbibliothek, Cod. Sang. 339, page 487.",urn:cite:musicmss:sg339.487
urn:cite:musicmss:sg339.488,488,"St. Gallen, Stiftsbibliothek, Cod. Sang. 339, page 488.",urn:cite:musicmss:sg339.488
urn:cite:musicmss:sg339.489,489,"St. Gallen, Stiftsbibliothek, Cod. Sang. 339, page 489.",urn:cite:musicmss:sg339.489
urn:cite:musicmss:sg339.490,490,"St. Gallen, Stiftsbibliothek, Cod. Sang. 339, page 490.",urn:cite:musicmss:sg339.490
urn:cite:musicmss:sg339.491,491,"St. Gallen, Stiftsbibliothek, Cod. Sang. 339, page 491.",urn:cite:musicmss:sg339.491
urn:cite:musicmss:sg339.492,492,"St. Gallen, Stiftsbibliothek, Cod. Sang. 339, page 492.",urn:cite:musicmss:sg339.492
urn:cite:musicmss:sg339.493,493,"St. Gallen, Stiftsbibliothek, Cod. Sang. 339, page 493.",urn:cite:musicmss:sg339.493
urn:cite:musicmss:sg339.494,494,"St. Gallen, Stiftsbibliothek, Cod. Sang. 339, page 494.",urn:cite:musicmss:sg339.494
urn:cite:musicmss:sg339.495,495,"St. Gallen, Stiftsbibliothek, Cod. Sang. 339, page 495.",urn:cite:musicmss:sg339.495
urn:cite:musicmss:sg339.496,496,"St. Gallen, Stiftsbibliothek, Cod. Sang. 339, page 496.",urn:cite:musicmss:sg339.496
urn:cite:musicmss:sg339.497,497,"St. Gallen, Stiftsbibliothek, Cod. Sang. 339, page 497.",urn:cite:musicmss:sg339.497
urn:cite:musicmss:sg339.498,498,"St. Gallen, Stiftsbibliothek, Cod. Sang. 339, page 498.",urn:cite:musicmss:sg339.498
urn:cite:musicmss:sg339.499,499,"St. Gallen, Stiftsbibliothek, Cod. Sang. 339, page 499.",urn:cite:musicmss:sg339.499
urn:cite:musicmss:sg339.500,500,"St. Gallen, Stiftsbibliothek, Cod. Sang. 339, page 500.",urn:cite:musicmss:sg339.500
urn:cite:musicmss:sg339.501,501,"St. Gallen, Stiftsbibliothek, Cod. Sang. 339, page 501.",urn:cite:musicmss:sg339.501
urn:cite:musicmss:sg339.502,502,"St. Gallen, Stiftsbibliothek, Cod. Sang. 339, page 502.",urn:cite:musicmss:sg339.502
urn:cite:musicmss:sg339.503,503,"St. Gallen, Stiftsbibliothek, Cod. Sang. 339, page 503.",urn:cite:musicmss:sg339.503
urn:cite:musicmss:sg339.504,504,"St. Gallen, Stiftsbibliothek, Cod. Sang. 339, page 504.",urn:cite:musicmss:sg339.504
urn:cite:musicmss:sg339.505,505,"St. Gallen, Stiftsbibliothek, Cod. Sang. 339, page 505.",urn:cite:musicmss:sg339.505
urn:cite:musicmss:sg339.506,506,"St. Gallen, Stiftsbibliothek, Cod. Sang. 339, page 506.",urn:cite:musicmss:sg339.506
urn:cite:musicmss:sg339.507,507,"St. Gallen, Stiftsbibliothek, Cod. Sang. 339, page 507.",urn:cite:musicmss:sg339.507
urn:cite:musicmss:sg339.508,508,"St. Gallen, Stiftsbibliothek, Cod. Sang. 339, page 508.",urn:cite:musicmss:sg339.508
urn:cite:musicmss:sg339.509,509,"St. Gallen, Stiftsbibliothek, Cod. Sang. 339, page 509.",urn:cite:musicmss:sg339.509
urn:cite:musicmss:sg339.510,510,"St. Gallen, Stiftsbibliothek, Cod. Sang. 339, page 510.",urn:cite:musicmss:sg339.510
urn:cite:musicmss:sg339.511,511,"St. Gallen, Stiftsbibliothek, Cod. Sang. 339, page 511.",urn:cite:musicmss:sg339.511
urn:cite:musicmss:sg339.512,512,"St. Gallen, Stiftsbibliothek, Cod. Sang. 339, page 512.",urn:cite:musicmss:sg339.512
urn:cite:musicmss:sg339.513,513,"St. Gallen, Stiftsbibliothek, Cod. Sang. 339, page 513.",urn:cite:musicmss:sg339.513
urn:cite:musicmss:sg339.514,514,"St. Gallen, Stiftsbibliothek, Cod. Sang. 339, page 514.",urn:cite:musicmss:sg339.514
urn:cite:musicmss:sg339.515,515,"St. Gallen, Stiftsbibliothek, Cod. Sang. 339, page 515.",urn:cite:musicmss:sg339.515
urn:cite:musicmss:sg339.516,516,"St. Gallen, Stiftsbibliothek, Cod. Sang. 339, page 516.",urn:cite:musicmss:sg339.516
urn:cite:musicmss:sg339.517,517,"St. Gallen, Stiftsbibliothek, Cod. Sang. 339, page 517.",urn:cite:musicmss:sg339.517
urn:cite:musicmss:sg339.518,518,"St. Gallen, Stiftsbibliothek, Cod. Sang. 339, page 518.",urn:cite:musicmss:sg339.518
urn:cite:musicmss:sg339.519,519,"St. Gallen, Stiftsbibliothek, Cod. Sang. 339, page 519.",urn:cite:musicmss:sg339.519
urn:cite:musicmss:sg339.520,520,"St. Gallen, Stiftsbibliothek, Cod. Sang. 339, page 520.",urn:cite:musicmss:sg339.520
urn:cite:musicmss:sg339.521,521,"St. Gallen, Stiftsbibliothek, Cod. Sang. 339, page 521.",urn:cite:musicmss:sg339.521
urn:cite:musicmss:sg339.522,522,"St. Gallen, Stiftsbibliothek, Cod. Sang. 339, page 522.",urn:cite:musicmss:sg339.522
urn:cite:musicmss:sg339.523,523,"St. Gallen, Stiftsbibliothek, Cod. Sang. 339, page 523.",urn:cite:musicmss:sg339.523
urn:cite:musicmss:sg339.524,524,"St. Gallen, Stiftsbibliothek, Cod. Sang. 339, page 524.",urn:cite:musicmss:sg339.524
urn:cite:musicmss:sg339.525,525,"St. Gallen, Stiftsbibliothek, Cod. Sang. 339, page 525.",urn:cite:musicmss:sg339.525
urn:cite:musicmss:sg339.526,526,"St. Gallen, Stiftsbibliothek, Cod. Sang. 339, page 526.",urn:cite:musicmss:sg339.526
urn:cite:musicmss:sg339.527,527,"St. Gallen, Stiftsbibliothek, Cod. Sang. 339, page 527.",urn:cite:musicmss:sg339.527
urn:cite:musicmss:sg339.528,528,"St. Gallen, Stiftsbibliothek, Cod. Sang. 339, page 528.",urn:cite:musicmss:sg339.528
urn:cite:musicmss:sg339.529,529,"St. Gallen, Stiftsbibliothek, Cod. Sang. 339, page 529.",urn:cite:musicmss:sg339.529
urn:cite:musicmss:sg339.530,530,"St. Gallen, Stiftsbibliothek, Cod. Sang. 339, page 530.",urn:cite:musicmss:sg339.530
urn:cite:musicmss:sg339.531,531,"St. Gallen, Stiftsbibliothek, Cod. Sang. 339, page 531.",urn:cite:musicmss:sg339.531
urn:cite:musicmss:sg339.532,532,"St. Gallen, Stiftsbibliothek, Cod. Sang. 339, page 532.",urn:cite:musicmss:sg339.532
urn:cite:musicmss:sg339.533,533,"St. Gallen, Stiftsbibliothek, Cod. Sang. 339, page 533.",urn:cite:musicmss:sg339.533
urn:cite:musicmss:sg339.534,534,"St. Gallen, Stiftsbibliothek, Cod. Sang. 339, page 534.",urn:cite:musicmss:sg339.534
urn:cite:musicmss:sg339.535,535,"St. Gallen, Stiftsbibliothek, Cod. Sang. 339, page 535.",urn:cite:musicmss:sg339.535
urn:cite:musicmss:sg339.536,536,"St. Gallen, Stiftsbibliothek, Cod. Sang. 339, page 536.",urn:cite:musicmss:sg339.536
urn:cite:musicmss:sg339.537,537,"St. Gallen, Stiftsbibliothek, Cod. Sang. 339, page 537.",urn:cite:musicmss:sg339.537
urn:cite:musicmss:sg339.538,538,"St. Gallen, Stiftsbibliothek, Cod. Sang. 339, page 538.",urn:cite:musicmss:sg339.538
urn:cite:musicmss:sg339.539,539,"St. Gallen, Stiftsbibliothek, Cod. Sang. 339, page 539.",urn:cite:musicmss:sg339.539
urn:cite:musicmss:sg339.540,540,"St. Gallen, Stiftsbibliothek, Cod. Sang. 339, page 540.",urn:cite:musicmss:sg339.540
urn:cite:musicmss:sg339.541,541,"St. Gallen, Stiftsbibliothek, Cod. Sang. 339, page 541.",urn:cite:musicmss:sg339.541
urn:cite:musicmss:sg339.542,542,"St. Gallen, Stiftsbibliothek, Cod. Sang. 339, page 542.",urn:cite:musicmss:sg339.542
urn:cite:musicmss:sg339.543,543,"St. Gallen, Stiftsbibliothek, Cod. Sang. 339, page 543.",urn:cite:musicmss:sg339.543
urn:cite:musicmss:sg339.544,544,"St. Gallen, Stiftsbibliothek, Cod. Sang. 339, page 544.",urn:cite:musicmss:sg339.544
urn:cite:musicmss:sg339.545,545,"St. Gallen, Stiftsbibliothek, Cod. Sang. 339, page 545.",urn:cite:musicmss:sg339.545
urn:cite:musicmss:sg339.546,546,"St. Gallen, Stiftsbibliothek, Cod. Sang. 339, page 546.",urn:cite:musicmss:sg339.546
urn:cite:musicmss:sg339.547,547,"St. Gallen, Stiftsbibliothek, Cod. Sang. 339, page 547.",urn:cite:musicmss:sg339.547
urn:cite:musicmss:sg339.548,548,"St. Gallen, Stiftsbibliothek, Cod. Sang. 339, page 548.",urn:cite:musicmss:sg339.548
urn:cite:musicmss:sg339.549,549,"St. Gallen, Stiftsbibliothek, Cod. Sang. 339, page 549.",urn:cite:musicmss:sg339.549
urn:cite:musicmss:sg339.550,550,"St. Gallen, Stiftsbibliothek, Cod. Sang. 339, page 550.",urn:cite:musicmss:sg339.550
urn:cite:musicmss:sg339.551,551,"St. Gallen, Stiftsbibliothek, Cod. Sang. 339, page 551.",urn:cite:musicmss:sg339.551
urn:cite:musicmss:sg339.552,552,"St. Gallen, Stiftsbibliothek, Cod. Sang. 339, page 552.",urn:cite:musicmss:sg339.552
urn:cite:musicmss:sg339.553,553,"St. Gallen, Stiftsbibliothek, Cod. Sang. 339, page 553.",urn:cite:musicmss:sg339.553
urn:cite:musicmss:sg339.554,554,"St. Gallen, Stiftsbibliothek, Cod. Sang. 339, page 554.",urn:cite:musicmss:sg339.554
urn:cite:musicmss:sg339.555,555,"St. Gallen, Stiftsbibliothek, Cod. Sang. 339, page 555.",urn:cite:musicmss:sg339.555
urn:cite:musicmss:sg339.556,556,"St. Gallen, Stiftsbibliothek, Cod. Sang. 339, page 556.",urn:cite:musicmss:sg339.556
urn:cite:musicmss:sg339.557,557,"St. Gallen, Stiftsbibliothek, Cod. Sang. 339, page 557.",urn:cite:musicmss:sg339.557
urn:cite:musicmss:sg339.558,558,"St. Gallen, Stiftsbibliothek, Cod. Sang. 339, page 558.",urn:cite:musicmss:sg339.558
urn:cite:musicmss:sg339.559,559,"St. Gallen, Stiftsbibliothek, Cod. Sang. 339, page 559.",urn:cite:musicmss:sg339.559
urn:cite:musicmss:sg339.560,560,"St. Gallen, Stiftsbibliothek, Cod. Sang. 339, page 560.",urn:cite:musicmss:sg339.560
urn:cite:musicmss:sg339.561,561,"St. Gallen, Stiftsbibliothek, Cod. Sang. 339, page 561.",urn:cite:musicmss:sg339.561
urn:cite:musicmss:sg339.562,562,"St. Gallen, Stiftsbibliothek, Cod. Sang. 339, page 562.",urn:cite:musicmss:sg339.562
urn:cite:musicmss:sg339.563,563,"St. Gallen, Stiftsbibliothek, Cod. Sang. 339, page 563.",urn:cite:musicmss:sg339.563
urn:cite:musicmss:sg339.564,564,"St. Gallen, Stiftsbibliothek, Cod. Sang. 339, page 564.",urn:cite:musicmss:sg339.564
urn:cite:musicmss:sg339.565,565,"St. Gallen, Stiftsbibliothek, Cod. Sang. 339, page 565.",urn:cite:musicmss:sg339.565
urn:cite:musicmss:sg339.566,566,"St. Gallen, Stiftsbibliothek, Cod. Sang. 339, page 566.",urn:cite:musicmss:sg339.566
urn:cite:musicmss:sg339.567,567,"St. Gallen, Stiftsbibliothek, Cod. Sang. 339, page 567.",urn:cite:musicmss:sg339.567
urn:cite:musicmss:sg339.568,568,"St. Gallen, Stiftsbibliothek, Cod. Sang. 339, page 568.",urn:cite:musicmss:sg339.568
urn:cite:musicmss:sg339.569,569,"St. Gallen, Stiftsbibliothek, Cod. Sang. 339, page 569.",urn:cite:musicmss:sg339.569
urn:cite:musicmss:sg339.570,570,"St. Gallen, Stiftsbibliothek, Cod. Sang. 339, page 570.",urn:cite:musicmss:sg339.570
urn:cite:musicmss:sg339.571,571,"St. Gallen, Stiftsbibliothek, Cod. Sang. 339, page 571.",urn:cite:musicmss:sg339.571
urn:cite:musicmss:sg339.572,572,"St. Gallen, Stiftsbibliothek, Cod. Sang. 339, page 572.",urn:cite:musicmss:sg339.572
urn:cite:musicmss:sg339.573,573,"St. Gallen, Stiftsbibliothek, Cod. Sang. 339, page 573.",urn:cite:musicmss:sg339.573
urn:cite:musicmss:sg339.574,574,"St. Gallen, Stiftsbibliothek, Cod. Sang. 339, page 574.",urn:cite:musicmss:sg339.574
urn:cite:musicmss:sg339.575,575,"St. Gallen, Stiftsbibliothek, Cod. Sang. 339, page 575.",urn:cite:musicmss:sg339.575
urn:cite:musicmss:sg339.576,576,"St. Gallen, Stiftsbibliothek, Cod. Sang. 339, page 576.",urn:cite:musicmss:sg339.576
urn:cite:musicmss:sg339.577,577,"St. Gallen, Stiftsbibliothek, Cod. Sang. 339, page 577.",urn:cite:musicmss:sg339.577
urn:cite:musicmss:sg339.578,578,"St. Gallen, Stiftsbibliothek, Cod. Sang. 339, page 578.",urn:cite:musicmss:sg339.578
urn:cite:musicmss:sg339.579,579,"St. Gallen, Stiftsbibliothek, Cod. Sang. 339, page 579.",urn:cite:musicmss:sg339.579
urn:cite:musicmss:sg339.580,580,"St. Gallen, Stiftsbibliothek, Cod. Sang. 339, page 580.",urn:cite:musicmss:sg339.580
urn:cite:musicmss:sg339.581,581,"St. Gallen, Stiftsbibliothek, Cod. Sang. 339, page 581.",urn:cite:musicmss:sg339.581
urn:cite:musicmss:sg339.582,582,"St. Gallen, Stiftsbibliothek, Cod. Sang. 339, page 582.",urn:cite:musicmss:sg339.582
urn:cite:musicmss:sg339.583,583,"St. Gallen, Stiftsbibliothek, Cod. Sang. 339, page 583.",urn:cite:musicmss:sg339.583
urn:cite:musicmss:sg339.584,584,"St. Gallen, Stiftsbibliothek, Cod. Sang. 339, page 584.",urn:cite:musicmss:sg339.584
urn:cite:musicmss:sg339.585,585,"St. Gallen, Stiftsbibliothek, Cod. Sang. 339, page 585.",urn:cite:musicmss:sg339.585
urn:cite:musicmss:sg339.586,586,"St. Gallen, Stiftsbibliothek, Cod. Sang. 339, page 586.",urn:cite:musicmss:sg339.586
urn:cite:musicmss:sg339.587,587,"St. Gallen, Stiftsbibliothek, Cod. Sang. 339, page 587.",urn:cite:musicmss:sg339.587
urn:cite:musicmss:sg339.588,588,"St. Gallen, Stiftsbibliothek, Cod. Sang. 339, page 588.",urn:cite:musicmss:sg339.588
urn:cite:musicmss:sg339.589,589,"St. Gallen, Stiftsbibliothek, Cod. Sang. 339, page 589.",urn:cite:musicmss:sg339.589
urn:cite:musicmss:sg339.590,590,"St. Gallen, Stiftsbibliothek, Cod. Sang. 339, page 590.",urn:cite:musicmss:sg339.590
urn:cite:musicmss:sg339.591,591,"St. Gallen, Stiftsbibliothek, Cod. Sang. 339, page 591.",urn:cite:musicmss:sg339.591
urn:cite:musicmss:sg339.592,592,"St. Gallen, Stiftsbibliothek, Cod. Sang. 339, page 592.",urn:cite:musicmss:sg339.592
urn:cite:musicmss:sg339.593,593,"St. Gallen, Stiftsbibliothek, Cod. Sang. 339, page 593.",urn:cite:musicmss:sg339.593
urn:cite:musicmss:sg339.594,594,"St. Gallen, Stiftsbibliothek, Cod. Sang. 339, page 594.",urn:cite:musicmss:sg339.594
urn:cite:musicmss:sg339.595,595,"St. Gallen, Stiftsbibliothek, Cod. Sang. 339, page 595.",urn:cite:musicmss:sg339.595
urn:cite:musicmss:sg339.596,596,"St. Gallen, Stiftsbibliothek, Cod. Sang. 339, page 596.",urn:cite:musicmss:sg339.596
urn:cite:musicmss:sg339.597,597,"St. Gallen, Stiftsbibliothek, Cod. Sang. 339, page 597.",urn:cite:musicmss:sg339.597
urn:cite:musicmss:sg339.598,598,"St. Gallen, Stiftsbibliothek, Cod. Sang. 339, page 598.",urn:cite:musicmss:sg339.598
urn:cite:musicmss:sg339.599,599,"St. Gallen, Stiftsbibliothek, Cod. Sang. 339, page 599.",urn:cite:musicmss:sg339.599
urn:cite:musicmss:sg339.600,600,"St. Gallen, Stiftsbibliothek, Cod. Sang. 339, page 600.",urn:cite:musicmss:sg339.600
urn:cite:musicmss:sg339.601,601,"St. Gallen, Stiftsbibliothek, Cod. Sang. 339, page 601.",urn:cite:musicmss:sg339.601
urn:cite:musicmss:sg339.602,602,"St. Gallen, Stiftsbibliothek, Cod. Sang. 339, page 602.",urn:cite:musicmss:sg339.602
urn:cite:musicmss:sg339.603,603,"St. Gallen, Stiftsbibliothek, Cod. Sang. 339, page 603.",urn:cite:musicmss:sg339.603
urn:cite:musicmss:sg339.604,604,"St. Gallen, Stiftsbibliothek, Cod. Sang. 339, page 604.",urn:cite:musicmss:sg339.604
urn:cite:musicmss:sg339.605,605,"St. Gallen, Stiftsbibliothek, Cod. Sang. 339, page 605.",urn:cite:musicmss:sg339.605
urn:cite:musicmss:sg339.606,606,"St. Gallen, Stiftsbibliothek, Cod. Sang. 339, page 606.",urn:cite:musicmss:sg339.606
urn:cite:musicmss:sg339.607,607,"St. Gallen, Stiftsbibliothek, Cod. Sang. 339, page 607.",urn:cite:musicmss:sg339.607
urn:cite:musicmss:sg339.608,608,"St. Gallen, Stiftsbibliothek, Cod. Sang. 339, page 608.",urn:cite:musicmss:sg339.608
urn:cite:musicmss:sg339.609,609,"St. Gallen, Stiftsbibliothek, Cod. Sang. 339, page 609.",urn:cite:musicmss:sg339.609
urn:cite:musicmss:sg339.610,610,"St. Gallen, Stiftsbibliothek, Cod. Sang. 339, page 610.",urn:cite:musicmss:sg339.610
urn:cite:musicmss:sg339.611,611,"St. Gallen, Stiftsbibliothek, Cod. Sang. 339, page 611.",urn:cite:musicmss:sg339.611
urn:cite:musicmss:sg339.612,612,"St. Gallen, Stiftsbibliothek, Cod. Sang. 339, page 612.",urn:cite:musicmss:sg339.612
urn:cite:musicmss:sg339.613,613,"St. Gallen, Stiftsbibliothek, Cod. Sang. 339, page 613.",urn:cite:musicmss:sg339.613
urn:cite:musicmss:sg339.614,614,"St. Gallen, Stiftsbibliothek, Cod. Sang. 339, page 614.",urn:cite:musicmss:sg339.614
urn:cite:musicmss:sg339.615,615,"St. Gallen, Stiftsbibliothek, Cod. Sang. 339, page 615.",urn:cite:musicmss:sg339.615
urn:cite:musicmss:sg339.616,616,"St. Gallen, Stiftsbibliothek, Cod. Sang. 339, page 616.",urn:cite:musicmss:sg339.616
urn:cite:musicmss:sg339.617,617,"St. Gallen, Stiftsbibliothek, Cod. Sang. 339, page 617.",urn:cite:musicmss:sg339.617
urn:cite:musicmss:sg339.618,618,"St. Gallen, Stiftsbibliothek, Cod. Sang. 339, page 618.",urn:cite:musicmss:sg339.618
urn:cite:musicmss:sg339.619,619,"St. Gallen, Stiftsbibliothek, Cod. Sang. 339, page 619.",urn:cite:musicmss:sg339.619
urn:cite:musicmss:sg339.620,620,"St. Gallen, Stiftsbibliothek, Cod. Sang. 339, page 620.",urn:cite:musicmss:sg339.620
urn:cite:musicmss:sg339.621,621,"St. Gallen, Stiftsbibliothek, Cod. Sang. 339, page 621.",urn:cite:musicmss:sg339.621
urn:cite:musicmss:sg339.622,622,"St. Gallen, Stiftsbibliothek, Cod. Sang. 339, page 622.",urn:cite:musicmss:sg339.622
urn:cite:musicmss:sg339.623,623,"St. Gallen, Stiftsbibliothek, Cod. Sang. 339, page 623.",urn:cite:musicmss:sg339.623
urn:cite:musicmss:sg339.624,624,"St. Gallen, Stiftsbibliothek, Cod. Sang. 339, page 624.",urn:cite:musicmss:sg339.624
urn:cite:musicmss:sg339.625,625,"St. Gallen, Stiftsbibliothek, Cod. Sang. 339, page 625.",urn:cite:musicmss:sg339.625
urn:cite:musicmss:sg339.626,626,"St. Gallen, Stiftsbibliothek, Cod. Sang. 339, page 626.",urn:cite:musicmss:sg339.626
urn:cite:musicmss:sg339.627,627,"St. Gallen, Stiftsbibliothek, Cod. Sang. 339, page 627.",urn:cite:musicmss:sg339.627
urn:cite:musicmss:sg339.628,628,"St. Gallen, Stiftsbibliothek, Cod. Sang. 339, page 628.",urn:cite:musicmss:sg339.628
urn:cite:musicmss:sg339.629,629,"St. Gallen, Stiftsbibliothek, Cod. Sang. 339, page 629.",urn:cite:musicmss:sg339.629
urn:cite:musicmss:sg339.630,630,"St. Gallen, Stiftsbibliothek, Cod. Sang. 339, page 630.",urn:cite:musicmss:sg339.630
urn:cite:musicmss:sg339.631,631,"St. Gallen, Stiftsbibliothek, Cod. Sang. 339, page 631.",urn:cite:musicmss:sg339.631
urn:cite:musicmss:sg339.632,632,"St. Gallen, Stiftsbibliothek, Cod. Sang. 339, page 632.",urn:cite:musicmss:sg339.632
urn:cite:musicmss:sg339.633,633,"St. Gallen, Stiftsbibliothek, Cod. Sang. 339, page 633.",urn:cite:musicmss:sg339.633
urn:cite:musicmss:sg339.634,634,"St. Gallen, Stiftsbibliothek, Cod. Sang. 339, page 634.",urn:cite:musicmss:sg339.634
urn:cite:musicmss:sg339.635,635,"St. Gallen, Stiftsbibliothek, Cod. Sang. 339, page 635.",urn:cite:musicmss:sg339.635
urn:cite:musicmss:sg339.636,636,"St. Gallen, Stiftsbibliothek, Cod. Sang. 339, page 636.",urn:cite:musicmss:sg339.636
urn:cite:musicmss:sg339.637,637,"St. Gallen, Stiftsbibliothek, Cod. Sang. 339, page 637.",urn:cite:musicmss:sg339.637
urn:cite:musicmss:sg339.638,638,"St. Gallen, Stiftsbibliothek, Cod. Sang. 339, page 638.",urn:cite:musicmss:sg339.638
urn:cite:musicmss:sg339.639,639,"St. Gallen, Stiftsbibliothek, Cod. Sang. 339, page 639.",urn:cite:musicmss:sg339.639
urn:cite:musicmss:sg339.640,640,"St. Gallen, Stiftsbibliothek, Cod. Sang. 339, page 640.",urn:cite:musicmss:sg339.640
urn:cite:musicmss:sg339.641,641,"St. Gallen, Stiftsbibliothek, Cod. Sang. 339, page 641.",urn:cite:musicmss:sg339.641
urn:cite:musicmss:sg339.642,642,"St. Gallen, Stiftsbibliothek, Cod. Sang. 339, page 642.",urn:cite:musicmss:sg339.642
urn:cite:musicmss:sg339.643,643,"St. Gallen, Stiftsbibliothek, Cod. Sang. 339, page 643.",urn:cite:musicmss:sg339.643
urn:cite:musicmss:sg339.644,644,"St. Gallen, Stiftsbibliothek, Cod. Sang. 339, page 644.",urn:cite:musicmss:sg339.644
urn:cite:musicmss:sg339.645,645,"St. Gallen, Stiftsbibliothek, Cod. Sang. 339, page 645.",urn:cite:musicmss:sg339.645
urn:cite:musicmss:sg339.646,646,"St. Gallen, Stiftsbibliothek, Cod. Sang. 339, page 646.",urn:cite:musicmss:sg339.646
urn:cite:musicmss:sg339.647,647,"St. Gallen, Stiftsbibliothek, Cod. Sang. 339, page 647.",urn:cite:musicmss:sg339.647
urn:cite:musicmss:sg339.648,648,"St. Gallen, Stiftsbibliothek, Cod. Sang. 339, page 648.",urn:cite:musicmss:sg339.648
urn:cite:musicmss:sg339.649,649,"St. Gallen, Stiftsbibliothek, Cod. Sang. 339, page 649.",urn:cite:musicmss:sg339.649
urn:cite:musicmss:sg339.650,650,"St. Gallen, Stiftsbibliothek, Cod. Sang. 339, page 650.",urn:cite:musicmss:sg339.650
