"urn:cite:ecod:einsiedeln121.sbe-0121_001",urn:cite:musicmss:sbe0121.1
"urn:cite:ecod:einsiedeln121.sbe-0121_002",urn:cite:musicmss:sbe0121.2
"urn:cite:ecod:einsiedeln121.sbe-0121_003",urn:cite:musicmss:sbe0121.3
"urn:cite:ecod:einsiedeln121.sbe-0121_004",urn:cite:musicmss:sbe0121.4
"urn:cite:ecod:einsiedeln121.sbe-0121_005",urn:cite:musicmss:sbe0121.5
"urn:cite:ecod:einsiedeln121.sbe-0121_006",urn:cite:musicmss:sbe0121.6
"urn:cite:ecod:einsiedeln121.sbe-0121_007",urn:cite:musicmss:sbe0121.7
"urn:cite:ecod:einsiedeln121.sbe-0121_008",urn:cite:musicmss:sbe0121.8
"urn:cite:ecod:einsiedeln121.sbe-0121_009",urn:cite:musicmss:sbe0121.9
"urn:cite:ecod:einsiedeln121.sbe-0121_010",urn:cite:musicmss:sbe0121.10
"urn:cite:ecod:einsiedeln121.sbe-0121_011",urn:cite:musicmss:sbe0121.11
"urn:cite:ecod:einsiedeln121.sbe-0121_012",urn:cite:musicmss:sbe0121.12
"urn:cite:ecod:einsiedeln121.sbe-0121_013",urn:cite:musicmss:sbe0121.13
"urn:cite:ecod:einsiedeln121.sbe-0121_014",urn:cite:musicmss:sbe0121.14
"urn:cite:ecod:einsiedeln121.sbe-0121_015",urn:cite:musicmss:sbe0121.15
"urn:cite:ecod:einsiedeln121.sbe-0121_016",urn:cite:musicmss:sbe0121.16
"urn:cite:ecod:einsiedeln121.sbe-0121_017",urn:cite:musicmss:sbe0121.17
"urn:cite:ecod:einsiedeln121.sbe-0121_018",urn:cite:musicmss:sbe0121.18
"urn:cite:ecod:einsiedeln121.sbe-0121_019",urn:cite:musicmss:sbe0121.19
"urn:cite:ecod:einsiedeln121.sbe-0121_020",urn:cite:musicmss:sbe0121.20
"urn:cite:ecod:einsiedeln121.sbe-0121_021",urn:cite:musicmss:sbe0121.21
"urn:cite:ecod:einsiedeln121.sbe-0121_022",urn:cite:musicmss:sbe0121.22
"urn:cite:ecod:einsiedeln121.sbe-0121_023",urn:cite:musicmss:sbe0121.23
"urn:cite:ecod:einsiedeln121.sbe-0121_024",urn:cite:musicmss:sbe0121.24
"urn:cite:ecod:einsiedeln121.sbe-0121_025",urn:cite:musicmss:sbe0121.25
"urn:cite:ecod:einsiedeln121.sbe-0121_026",urn:cite:musicmss:sbe0121.26
"urn:cite:ecod:einsiedeln121.sbe-0121_027",urn:cite:musicmss:sbe0121.27
"urn:cite:ecod:einsiedeln121.sbe-0121_028",urn:cite:musicmss:sbe0121.28
"urn:cite:ecod:einsiedeln121.sbe-0121_029",urn:cite:musicmss:sbe0121.29
"urn:cite:ecod:einsiedeln121.sbe-0121_030",urn:cite:musicmss:sbe0121.30
"urn:cite:ecod:einsiedeln121.sbe-0121_031",urn:cite:musicmss:sbe0121.31
"urn:cite:ecod:einsiedeln121.sbe-0121_032",urn:cite:musicmss:sbe0121.32
"urn:cite:ecod:einsiedeln121.sbe-0121_033",urn:cite:musicmss:sbe0121.33
"urn:cite:ecod:einsiedeln121.sbe-0121_034",urn:cite:musicmss:sbe0121.34
"urn:cite:ecod:einsiedeln121.sbe-0121_035",urn:cite:musicmss:sbe0121.35
"urn:cite:ecod:einsiedeln121.sbe-0121_036",urn:cite:musicmss:sbe0121.36
"urn:cite:ecod:einsiedeln121.sbe-0121_037",urn:cite:musicmss:sbe0121.37
"urn:cite:ecod:einsiedeln121.sbe-0121_038",urn:cite:musicmss:sbe0121.38
"urn:cite:ecod:einsiedeln121.sbe-0121_039",urn:cite:musicmss:sbe0121.39
"urn:cite:ecod:einsiedeln121.sbe-0121_040",urn:cite:musicmss:sbe0121.40
"urn:cite:ecod:einsiedeln121.sbe-0121_041",urn:cite:musicmss:sbe0121.41
"urn:cite:ecod:einsiedeln121.sbe-0121_042",urn:cite:musicmss:sbe0121.42
"urn:cite:ecod:einsiedeln121.sbe-0121_043",urn:cite:musicmss:sbe0121.43
"urn:cite:ecod:einsiedeln121.sbe-0121_044",urn:cite:musicmss:sbe0121.44
"urn:cite:ecod:einsiedeln121.sbe-0121_045",urn:cite:musicmss:sbe0121.45
"urn:cite:ecod:einsiedeln121.sbe-0121_046",urn:cite:musicmss:sbe0121.46
"urn:cite:ecod:einsiedeln121.sbe-0121_047",urn:cite:musicmss:sbe0121.47
"urn:cite:ecod:einsiedeln121.sbe-0121_048",urn:cite:musicmss:sbe0121.48
"urn:cite:ecod:einsiedeln121.sbe-0121_049",urn:cite:musicmss:sbe0121.49
"urn:cite:ecod:einsiedeln121.sbe-0121_050",urn:cite:musicmss:sbe0121.50
"urn:cite:ecod:einsiedeln121.sbe-0121_051",urn:cite:musicmss:sbe0121.51
"urn:cite:ecod:einsiedeln121.sbe-0121_052",urn:cite:musicmss:sbe0121.52
"urn:cite:ecod:einsiedeln121.sbe-0121_053",urn:cite:musicmss:sbe0121.53
"urn:cite:ecod:einsiedeln121.sbe-0121_054",urn:cite:musicmss:sbe0121.54
"urn:cite:ecod:einsiedeln121.sbe-0121_055",urn:cite:musicmss:sbe0121.55
"urn:cite:ecod:einsiedeln121.sbe-0121_056",urn:cite:musicmss:sbe0121.56
"urn:cite:ecod:einsiedeln121.sbe-0121_057",urn:cite:musicmss:sbe0121.57
"urn:cite:ecod:einsiedeln121.sbe-0121_058",urn:cite:musicmss:sbe0121.58
"urn:cite:ecod:einsiedeln121.sbe-0121_059",urn:cite:musicmss:sbe0121.59
"urn:cite:ecod:einsiedeln121.sbe-0121_060",urn:cite:musicmss:sbe0121.60
"urn:cite:ecod:einsiedeln121.sbe-0121_061",urn:cite:musicmss:sbe0121.61
"urn:cite:ecod:einsiedeln121.sbe-0121_062",urn:cite:musicmss:sbe0121.62
"urn:cite:ecod:einsiedeln121.sbe-0121_063",urn:cite:musicmss:sbe0121.63
"urn:cite:ecod:einsiedeln121.sbe-0121_064",urn:cite:musicmss:sbe0121.64
"urn:cite:ecod:einsiedeln121.sbe-0121_065",urn:cite:musicmss:sbe0121.65
"urn:cite:ecod:einsiedeln121.sbe-0121_066",urn:cite:musicmss:sbe0121.66
"urn:cite:ecod:einsiedeln121.sbe-0121_067",urn:cite:musicmss:sbe0121.67
"urn:cite:ecod:einsiedeln121.sbe-0121_068",urn:cite:musicmss:sbe0121.68
"urn:cite:ecod:einsiedeln121.sbe-0121_069",urn:cite:musicmss:sbe0121.69
"urn:cite:ecod:einsiedeln121.sbe-0121_070",urn:cite:musicmss:sbe0121.70
"urn:cite:ecod:einsiedeln121.sbe-0121_071",urn:cite:musicmss:sbe0121.71
"urn:cite:ecod:einsiedeln121.sbe-0121_072",urn:cite:musicmss:sbe0121.72
"urn:cite:ecod:einsiedeln121.sbe-0121_073",urn:cite:musicmss:sbe0121.73
"urn:cite:ecod:einsiedeln121.sbe-0121_074",urn:cite:musicmss:sbe0121.74
"urn:cite:ecod:einsiedeln121.sbe-0121_075",urn:cite:musicmss:sbe0121.75
"urn:cite:ecod:einsiedeln121.sbe-0121_076",urn:cite:musicmss:sbe0121.76
"urn:cite:ecod:einsiedeln121.sbe-0121_077",urn:cite:musicmss:sbe0121.77
"urn:cite:ecod:einsiedeln121.sbe-0121_078",urn:cite:musicmss:sbe0121.78
"urn:cite:ecod:einsiedeln121.sbe-0121_079",urn:cite:musicmss:sbe0121.79
"urn:cite:ecod:einsiedeln121.sbe-0121_080",urn:cite:musicmss:sbe0121.80
"urn:cite:ecod:einsiedeln121.sbe-0121_081",urn:cite:musicmss:sbe0121.81
"urn:cite:ecod:einsiedeln121.sbe-0121_082",urn:cite:musicmss:sbe0121.82
"urn:cite:ecod:einsiedeln121.sbe-0121_083",urn:cite:musicmss:sbe0121.83
"urn:cite:ecod:einsiedeln121.sbe-0121_084",urn:cite:musicmss:sbe0121.84
"urn:cite:ecod:einsiedeln121.sbe-0121_085",urn:cite:musicmss:sbe0121.85
"urn:cite:ecod:einsiedeln121.sbe-0121_086",urn:cite:musicmss:sbe0121.86
"urn:cite:ecod:einsiedeln121.sbe-0121_087",urn:cite:musicmss:sbe0121.87
"urn:cite:ecod:einsiedeln121.sbe-0121_088",urn:cite:musicmss:sbe0121.88
"urn:cite:ecod:einsiedeln121.sbe-0121_089",urn:cite:musicmss:sbe0121.89
"urn:cite:ecod:einsiedeln121.sbe-0121_090",urn:cite:musicmss:sbe0121.90
"urn:cite:ecod:einsiedeln121.sbe-0121_091",urn:cite:musicmss:sbe0121.91
"urn:cite:ecod:einsiedeln121.sbe-0121_092",urn:cite:musicmss:sbe0121.92
"urn:cite:ecod:einsiedeln121.sbe-0121_093",urn:cite:musicmss:sbe0121.93
"urn:cite:ecod:einsiedeln121.sbe-0121_094",urn:cite:musicmss:sbe0121.94
"urn:cite:ecod:einsiedeln121.sbe-0121_095",urn:cite:musicmss:sbe0121.95
"urn:cite:ecod:einsiedeln121.sbe-0121_096",urn:cite:musicmss:sbe0121.96
"urn:cite:ecod:einsiedeln121.sbe-0121_097",urn:cite:musicmss:sbe0121.97
"urn:cite:ecod:einsiedeln121.sbe-0121_098",urn:cite:musicmss:sbe0121.98
"urn:cite:ecod:einsiedeln121.sbe-0121_099",urn:cite:musicmss:sbe0121.99
"urn:cite:ecod:einsiedeln121.sbe-0121_100",urn:cite:musicmss:sbe0121.100
"urn:cite:ecod:einsiedeln121.sbe-0121_101",urn:cite:musicmss:sbe0121.101
"urn:cite:ecod:einsiedeln121.sbe-0121_102",urn:cite:musicmss:sbe0121.102
"urn:cite:ecod:einsiedeln121.sbe-0121_103",urn:cite:musicmss:sbe0121.103
"urn:cite:ecod:einsiedeln121.sbe-0121_104",urn:cite:musicmss:sbe0121.104
"urn:cite:ecod:einsiedeln121.sbe-0121_105",urn:cite:musicmss:sbe0121.105
"urn:cite:ecod:einsiedeln121.sbe-0121_106",urn:cite:musicmss:sbe0121.106
"urn:cite:ecod:einsiedeln121.sbe-0121_107",urn:cite:musicmss:sbe0121.107
"urn:cite:ecod:einsiedeln121.sbe-0121_108",urn:cite:musicmss:sbe0121.108
"urn:cite:ecod:einsiedeln121.sbe-0121_109",urn:cite:musicmss:sbe0121.109
"urn:cite:ecod:einsiedeln121.sbe-0121_110",urn:cite:musicmss:sbe0121.110
"urn:cite:ecod:einsiedeln121.sbe-0121_111",urn:cite:musicmss:sbe0121.111
"urn:cite:ecod:einsiedeln121.sbe-0121_112",urn:cite:musicmss:sbe0121.112
"urn:cite:ecod:einsiedeln121.sbe-0121_113",urn:cite:musicmss:sbe0121.113
"urn:cite:ecod:einsiedeln121.sbe-0121_114",urn:cite:musicmss:sbe0121.114
"urn:cite:ecod:einsiedeln121.sbe-0121_115",urn:cite:musicmss:sbe0121.115
"urn:cite:ecod:einsiedeln121.sbe-0121_116",urn:cite:musicmss:sbe0121.116
"urn:cite:ecod:einsiedeln121.sbe-0121_117",urn:cite:musicmss:sbe0121.117
"urn:cite:ecod:einsiedeln121.sbe-0121_118",urn:cite:musicmss:sbe0121.118
"urn:cite:ecod:einsiedeln121.sbe-0121_119",urn:cite:musicmss:sbe0121.119
"urn:cite:ecod:einsiedeln121.sbe-0121_120",urn:cite:musicmss:sbe0121.120
"urn:cite:ecod:einsiedeln121.sbe-0121_121",urn:cite:musicmss:sbe0121.121
"urn:cite:ecod:einsiedeln121.sbe-0121_122",urn:cite:musicmss:sbe0121.122
"urn:cite:ecod:einsiedeln121.sbe-0121_123",urn:cite:musicmss:sbe0121.123
"urn:cite:ecod:einsiedeln121.sbe-0121_124",urn:cite:musicmss:sbe0121.124
"urn:cite:ecod:einsiedeln121.sbe-0121_125",urn:cite:musicmss:sbe0121.125
"urn:cite:ecod:einsiedeln121.sbe-0121_126",urn:cite:musicmss:sbe0121.126
"urn:cite:ecod:einsiedeln121.sbe-0121_127",urn:cite:musicmss:sbe0121.127
"urn:cite:ecod:einsiedeln121.sbe-0121_128",urn:cite:musicmss:sbe0121.128
"urn:cite:ecod:einsiedeln121.sbe-0121_129",urn:cite:musicmss:sbe0121.129
"urn:cite:ecod:einsiedeln121.sbe-0121_130",urn:cite:musicmss:sbe0121.130
"urn:cite:ecod:einsiedeln121.sbe-0121_131",urn:cite:musicmss:sbe0121.131
"urn:cite:ecod:einsiedeln121.sbe-0121_132",urn:cite:musicmss:sbe0121.132
"urn:cite:ecod:einsiedeln121.sbe-0121_133",urn:cite:musicmss:sbe0121.133
"urn:cite:ecod:einsiedeln121.sbe-0121_134",urn:cite:musicmss:sbe0121.134
"urn:cite:ecod:einsiedeln121.sbe-0121_135",urn:cite:musicmss:sbe0121.135
"urn:cite:ecod:einsiedeln121.sbe-0121_136",urn:cite:musicmss:sbe0121.136
"urn:cite:ecod:einsiedeln121.sbe-0121_137",urn:cite:musicmss:sbe0121.137
"urn:cite:ecod:einsiedeln121.sbe-0121_138",urn:cite:musicmss:sbe0121.138
"urn:cite:ecod:einsiedeln121.sbe-0121_139",urn:cite:musicmss:sbe0121.139
"urn:cite:ecod:einsiedeln121.sbe-0121_140",urn:cite:musicmss:sbe0121.140
"urn:cite:ecod:einsiedeln121.sbe-0121_141",urn:cite:musicmss:sbe0121.141
"urn:cite:ecod:einsiedeln121.sbe-0121_142",urn:cite:musicmss:sbe0121.142
"urn:cite:ecod:einsiedeln121.sbe-0121_143",urn:cite:musicmss:sbe0121.143
"urn:cite:ecod:einsiedeln121.sbe-0121_144",urn:cite:musicmss:sbe0121.144
"urn:cite:ecod:einsiedeln121.sbe-0121_145",urn:cite:musicmss:sbe0121.145
"urn:cite:ecod:einsiedeln121.sbe-0121_146",urn:cite:musicmss:sbe0121.146
"urn:cite:ecod:einsiedeln121.sbe-0121_147",urn:cite:musicmss:sbe0121.147
"urn:cite:ecod:einsiedeln121.sbe-0121_148",urn:cite:musicmss:sbe0121.148
"urn:cite:ecod:einsiedeln121.sbe-0121_149",urn:cite:musicmss:sbe0121.149
"urn:cite:ecod:einsiedeln121.sbe-0121_150",urn:cite:musicmss:sbe0121.150
"urn:cite:ecod:einsiedeln121.sbe-0121_151",urn:cite:musicmss:sbe0121.151
"urn:cite:ecod:einsiedeln121.sbe-0121_152",urn:cite:musicmss:sbe0121.152
"urn:cite:ecod:einsiedeln121.sbe-0121_153",urn:cite:musicmss:sbe0121.153
"urn:cite:ecod:einsiedeln121.sbe-0121_154",urn:cite:musicmss:sbe0121.154
"urn:cite:ecod:einsiedeln121.sbe-0121_155",urn:cite:musicmss:sbe0121.155
"urn:cite:ecod:einsiedeln121.sbe-0121_156",urn:cite:musicmss:sbe0121.156
"urn:cite:ecod:einsiedeln121.sbe-0121_157",urn:cite:musicmss:sbe0121.157
"urn:cite:ecod:einsiedeln121.sbe-0121_158",urn:cite:musicmss:sbe0121.158
"urn:cite:ecod:einsiedeln121.sbe-0121_159",urn:cite:musicmss:sbe0121.159
"urn:cite:ecod:einsiedeln121.sbe-0121_160",urn:cite:musicmss:sbe0121.160
"urn:cite:ecod:einsiedeln121.sbe-0121_161",urn:cite:musicmss:sbe0121.161
"urn:cite:ecod:einsiedeln121.sbe-0121_162",urn:cite:musicmss:sbe0121.162
"urn:cite:ecod:einsiedeln121.sbe-0121_163",urn:cite:musicmss:sbe0121.163
"urn:cite:ecod:einsiedeln121.sbe-0121_164",urn:cite:musicmss:sbe0121.164
"urn:cite:ecod:einsiedeln121.sbe-0121_165",urn:cite:musicmss:sbe0121.165
"urn:cite:ecod:einsiedeln121.sbe-0121_166",urn:cite:musicmss:sbe0121.166
"urn:cite:ecod:einsiedeln121.sbe-0121_167",urn:cite:musicmss:sbe0121.167
"urn:cite:ecod:einsiedeln121.sbe-0121_168",urn:cite:musicmss:sbe0121.168
"urn:cite:ecod:einsiedeln121.sbe-0121_169",urn:cite:musicmss:sbe0121.169
"urn:cite:ecod:einsiedeln121.sbe-0121_170",urn:cite:musicmss:sbe0121.170
"urn:cite:ecod:einsiedeln121.sbe-0121_171",urn:cite:musicmss:sbe0121.171
"urn:cite:ecod:einsiedeln121.sbe-0121_172",urn:cite:musicmss:sbe0121.172
"urn:cite:ecod:einsiedeln121.sbe-0121_173",urn:cite:musicmss:sbe0121.173
"urn:cite:ecod:einsiedeln121.sbe-0121_174",urn:cite:musicmss:sbe0121.174
"urn:cite:ecod:einsiedeln121.sbe-0121_175",urn:cite:musicmss:sbe0121.175
"urn:cite:ecod:einsiedeln121.sbe-0121_176",urn:cite:musicmss:sbe0121.176
"urn:cite:ecod:einsiedeln121.sbe-0121_177",urn:cite:musicmss:sbe0121.177
"urn:cite:ecod:einsiedeln121.sbe-0121_178",urn:cite:musicmss:sbe0121.178
"urn:cite:ecod:einsiedeln121.sbe-0121_179",urn:cite:musicmss:sbe0121.179
"urn:cite:ecod:einsiedeln121.sbe-0121_180",urn:cite:musicmss:sbe0121.180
"urn:cite:ecod:einsiedeln121.sbe-0121_181",urn:cite:musicmss:sbe0121.181
"urn:cite:ecod:einsiedeln121.sbe-0121_182",urn:cite:musicmss:sbe0121.182
"urn:cite:ecod:einsiedeln121.sbe-0121_183",urn:cite:musicmss:sbe0121.183
"urn:cite:ecod:einsiedeln121.sbe-0121_184",urn:cite:musicmss:sbe0121.184
"urn:cite:ecod:einsiedeln121.sbe-0121_185",urn:cite:musicmss:sbe0121.185
"urn:cite:ecod:einsiedeln121.sbe-0121_186",urn:cite:musicmss:sbe0121.186
"urn:cite:ecod:einsiedeln121.sbe-0121_187",urn:cite:musicmss:sbe0121.187
"urn:cite:ecod:einsiedeln121.sbe-0121_188",urn:cite:musicmss:sbe0121.188
"urn:cite:ecod:einsiedeln121.sbe-0121_189",urn:cite:musicmss:sbe0121.189
"urn:cite:ecod:einsiedeln121.sbe-0121_190",urn:cite:musicmss:sbe0121.190
"urn:cite:ecod:einsiedeln121.sbe-0121_191",urn:cite:musicmss:sbe0121.191
"urn:cite:ecod:einsiedeln121.sbe-0121_192",urn:cite:musicmss:sbe0121.192
"urn:cite:ecod:einsiedeln121.sbe-0121_193",urn:cite:musicmss:sbe0121.193
"urn:cite:ecod:einsiedeln121.sbe-0121_194",urn:cite:musicmss:sbe0121.194
"urn:cite:ecod:einsiedeln121.sbe-0121_195",urn:cite:musicmss:sbe0121.195
"urn:cite:ecod:einsiedeln121.sbe-0121_196",urn:cite:musicmss:sbe0121.196
"urn:cite:ecod:einsiedeln121.sbe-0121_197",urn:cite:musicmss:sbe0121.197
"urn:cite:ecod:einsiedeln121.sbe-0121_198",urn:cite:musicmss:sbe0121.198
"urn:cite:ecod:einsiedeln121.sbe-0121_199",urn:cite:musicmss:sbe0121.199
"urn:cite:ecod:einsiedeln121.sbe-0121_200",urn:cite:musicmss:sbe0121.200
"urn:cite:ecod:einsiedeln121.sbe-0121_201",urn:cite:musicmss:sbe0121.201
"urn:cite:ecod:einsiedeln121.sbe-0121_202",urn:cite:musicmss:sbe0121.202
"urn:cite:ecod:einsiedeln121.sbe-0121_203",urn:cite:musicmss:sbe0121.203
"urn:cite:ecod:einsiedeln121.sbe-0121_204",urn:cite:musicmss:sbe0121.204
"urn:cite:ecod:einsiedeln121.sbe-0121_205",urn:cite:musicmss:sbe0121.205
"urn:cite:ecod:einsiedeln121.sbe-0121_206",urn:cite:musicmss:sbe0121.206
"urn:cite:ecod:einsiedeln121.sbe-0121_207",urn:cite:musicmss:sbe0121.207
"urn:cite:ecod:einsiedeln121.sbe-0121_208",urn:cite:musicmss:sbe0121.208
"urn:cite:ecod:einsiedeln121.sbe-0121_209",urn:cite:musicmss:sbe0121.209
"urn:cite:ecod:einsiedeln121.sbe-0121_210",urn:cite:musicmss:sbe0121.210
"urn:cite:ecod:einsiedeln121.sbe-0121_211",urn:cite:musicmss:sbe0121.211
"urn:cite:ecod:einsiedeln121.sbe-0121_212",urn:cite:musicmss:sbe0121.212
"urn:cite:ecod:einsiedeln121.sbe-0121_213",urn:cite:musicmss:sbe0121.213
"urn:cite:ecod:einsiedeln121.sbe-0121_214",urn:cite:musicmss:sbe0121.214
"urn:cite:ecod:einsiedeln121.sbe-0121_215",urn:cite:musicmss:sbe0121.215
"urn:cite:ecod:einsiedeln121.sbe-0121_216",urn:cite:musicmss:sbe0121.216
"urn:cite:ecod:einsiedeln121.sbe-0121_217",urn:cite:musicmss:sbe0121.217
"urn:cite:ecod:einsiedeln121.sbe-0121_218",urn:cite:musicmss:sbe0121.218
"urn:cite:ecod:einsiedeln121.sbe-0121_219",urn:cite:musicmss:sbe0121.219
"urn:cite:ecod:einsiedeln121.sbe-0121_220",urn:cite:musicmss:sbe0121.220
"urn:cite:ecod:einsiedeln121.sbe-0121_221",urn:cite:musicmss:sbe0121.221
"urn:cite:ecod:einsiedeln121.sbe-0121_222",urn:cite:musicmss:sbe0121.222
"urn:cite:ecod:einsiedeln121.sbe-0121_223",urn:cite:musicmss:sbe0121.223
"urn:cite:ecod:einsiedeln121.sbe-0121_224",urn:cite:musicmss:sbe0121.224
"urn:cite:ecod:einsiedeln121.sbe-0121_225",urn:cite:musicmss:sbe0121.225
"urn:cite:ecod:einsiedeln121.sbe-0121_226",urn:cite:musicmss:sbe0121.226
"urn:cite:ecod:einsiedeln121.sbe-0121_227",urn:cite:musicmss:sbe0121.227
"urn:cite:ecod:einsiedeln121.sbe-0121_228",urn:cite:musicmss:sbe0121.228
"urn:cite:ecod:einsiedeln121.sbe-0121_229",urn:cite:musicmss:sbe0121.229
"urn:cite:ecod:einsiedeln121.sbe-0121_230",urn:cite:musicmss:sbe0121.230
"urn:cite:ecod:einsiedeln121.sbe-0121_231",urn:cite:musicmss:sbe0121.231
"urn:cite:ecod:einsiedeln121.sbe-0121_232",urn:cite:musicmss:sbe0121.232
"urn:cite:ecod:einsiedeln121.sbe-0121_233",urn:cite:musicmss:sbe0121.233
"urn:cite:ecod:einsiedeln121.sbe-0121_234",urn:cite:musicmss:sbe0121.234
"urn:cite:ecod:einsiedeln121.sbe-0121_235",urn:cite:musicmss:sbe0121.235
"urn:cite:ecod:einsiedeln121.sbe-0121_236",urn:cite:musicmss:sbe0121.236
"urn:cite:ecod:einsiedeln121.sbe-0121_237",urn:cite:musicmss:sbe0121.237
"urn:cite:ecod:einsiedeln121.sbe-0121_238",urn:cite:musicmss:sbe0121.238
"urn:cite:ecod:einsiedeln121.sbe-0121_239",urn:cite:musicmss:sbe0121.239
"urn:cite:ecod:einsiedeln121.sbe-0121_240",urn:cite:musicmss:sbe0121.240
"urn:cite:ecod:einsiedeln121.sbe-0121_241",urn:cite:musicmss:sbe0121.241
"urn:cite:ecod:einsiedeln121.sbe-0121_242",urn:cite:musicmss:sbe0121.242
"urn:cite:ecod:einsiedeln121.sbe-0121_243",urn:cite:musicmss:sbe0121.243
"urn:cite:ecod:einsiedeln121.sbe-0121_244",urn:cite:musicmss:sbe0121.244
"urn:cite:ecod:einsiedeln121.sbe-0121_245",urn:cite:musicmss:sbe0121.245
"urn:cite:ecod:einsiedeln121.sbe-0121_246",urn:cite:musicmss:sbe0121.246
"urn:cite:ecod:einsiedeln121.sbe-0121_247",urn:cite:musicmss:sbe0121.247
"urn:cite:ecod:einsiedeln121.sbe-0121_248",urn:cite:musicmss:sbe0121.248
"urn:cite:ecod:einsiedeln121.sbe-0121_249",urn:cite:musicmss:sbe0121.249
"urn:cite:ecod:einsiedeln121.sbe-0121_250",urn:cite:musicmss:sbe0121.250
"urn:cite:ecod:einsiedeln121.sbe-0121_251",urn:cite:musicmss:sbe0121.251
"urn:cite:ecod:einsiedeln121.sbe-0121_252",urn:cite:musicmss:sbe0121.252
"urn:cite:ecod:einsiedeln121.sbe-0121_253",urn:cite:musicmss:sbe0121.253
"urn:cite:ecod:einsiedeln121.sbe-0121_254",urn:cite:musicmss:sbe0121.254
"urn:cite:ecod:einsiedeln121.sbe-0121_255",urn:cite:musicmss:sbe0121.255
"urn:cite:ecod:einsiedeln121.sbe-0121_256",urn:cite:musicmss:sbe0121.256
"urn:cite:ecod:einsiedeln121.sbe-0121_257",urn:cite:musicmss:sbe0121.257
"urn:cite:ecod:einsiedeln121.sbe-0121_258",urn:cite:musicmss:sbe0121.258
"urn:cite:ecod:einsiedeln121.sbe-0121_259",urn:cite:musicmss:sbe0121.259
"urn:cite:ecod:einsiedeln121.sbe-0121_260",urn:cite:musicmss:sbe0121.260
"urn:cite:ecod:einsiedeln121.sbe-0121_261",urn:cite:musicmss:sbe0121.261
"urn:cite:ecod:einsiedeln121.sbe-0121_262",urn:cite:musicmss:sbe0121.262
"urn:cite:ecod:einsiedeln121.sbe-0121_263",urn:cite:musicmss:sbe0121.263
"urn:cite:ecod:einsiedeln121.sbe-0121_264",urn:cite:musicmss:sbe0121.264
"urn:cite:ecod:einsiedeln121.sbe-0121_265",urn:cite:musicmss:sbe0121.265
"urn:cite:ecod:einsiedeln121.sbe-0121_266",urn:cite:musicmss:sbe0121.266
"urn:cite:ecod:einsiedeln121.sbe-0121_267",urn:cite:musicmss:sbe0121.267
"urn:cite:ecod:einsiedeln121.sbe-0121_268",urn:cite:musicmss:sbe0121.268
"urn:cite:ecod:einsiedeln121.sbe-0121_269",urn:cite:musicmss:sbe0121.269
"urn:cite:ecod:einsiedeln121.sbe-0121_270",urn:cite:musicmss:sbe0121.270
"urn:cite:ecod:einsiedeln121.sbe-0121_271",urn:cite:musicmss:sbe0121.271
"urn:cite:ecod:einsiedeln121.sbe-0121_272",urn:cite:musicmss:sbe0121.272
"urn:cite:ecod:einsiedeln121.sbe-0121_273",urn:cite:musicmss:sbe0121.273
"urn:cite:ecod:einsiedeln121.sbe-0121_274",urn:cite:musicmss:sbe0121.274
"urn:cite:ecod:einsiedeln121.sbe-0121_275",urn:cite:musicmss:sbe0121.275
"urn:cite:ecod:einsiedeln121.sbe-0121_276",urn:cite:musicmss:sbe0121.276
"urn:cite:ecod:einsiedeln121.sbe-0121_277",urn:cite:musicmss:sbe0121.277
"urn:cite:ecod:einsiedeln121.sbe-0121_278",urn:cite:musicmss:sbe0121.278
"urn:cite:ecod:einsiedeln121.sbe-0121_279",urn:cite:musicmss:sbe0121.279
"urn:cite:ecod:einsiedeln121.sbe-0121_280",urn:cite:musicmss:sbe0121.280
"urn:cite:ecod:einsiedeln121.sbe-0121_281",urn:cite:musicmss:sbe0121.281
"urn:cite:ecod:einsiedeln121.sbe-0121_282",urn:cite:musicmss:sbe0121.282
"urn:cite:ecod:einsiedeln121.sbe-0121_283",urn:cite:musicmss:sbe0121.283
"urn:cite:ecod:einsiedeln121.sbe-0121_284",urn:cite:musicmss:sbe0121.284
"urn:cite:ecod:einsiedeln121.sbe-0121_285",urn:cite:musicmss:sbe0121.285
"urn:cite:ecod:einsiedeln121.sbe-0121_286",urn:cite:musicmss:sbe0121.286
"urn:cite:ecod:einsiedeln121.sbe-0121_287",urn:cite:musicmss:sbe0121.287
"urn:cite:ecod:einsiedeln121.sbe-0121_288",urn:cite:musicmss:sbe0121.288
"urn:cite:ecod:einsiedeln121.sbe-0121_289",urn:cite:musicmss:sbe0121.289
"urn:cite:ecod:einsiedeln121.sbe-0121_290",urn:cite:musicmss:sbe0121.290
"urn:cite:ecod:einsiedeln121.sbe-0121_291",urn:cite:musicmss:sbe0121.291
"urn:cite:ecod:einsiedeln121.sbe-0121_292",urn:cite:musicmss:sbe0121.292
"urn:cite:ecod:einsiedeln121.sbe-0121_293",urn:cite:musicmss:sbe0121.293
"urn:cite:ecod:einsiedeln121.sbe-0121_294",urn:cite:musicmss:sbe0121.294
"urn:cite:ecod:einsiedeln121.sbe-0121_295",urn:cite:musicmss:sbe0121.295
"urn:cite:ecod:einsiedeln121.sbe-0121_296",urn:cite:musicmss:sbe0121.296
"urn:cite:ecod:einsiedeln121.sbe-0121_297",urn:cite:musicmss:sbe0121.297
"urn:cite:ecod:einsiedeln121.sbe-0121_298",urn:cite:musicmss:sbe0121.298
"urn:cite:ecod:einsiedeln121.sbe-0121_299",urn:cite:musicmss:sbe0121.299
"urn:cite:ecod:einsiedeln121.sbe-0121_300",urn:cite:musicmss:sbe0121.300
"urn:cite:ecod:einsiedeln121.sbe-0121_301",urn:cite:musicmss:sbe0121.301
"urn:cite:ecod:einsiedeln121.sbe-0121_302",urn:cite:musicmss:sbe0121.302
"urn:cite:ecod:einsiedeln121.sbe-0121_303",urn:cite:musicmss:sbe0121.303
"urn:cite:ecod:einsiedeln121.sbe-0121_304",urn:cite:musicmss:sbe0121.304
"urn:cite:ecod:einsiedeln121.sbe-0121_305",urn:cite:musicmss:sbe0121.305
"urn:cite:ecod:einsiedeln121.sbe-0121_306",urn:cite:musicmss:sbe0121.306
"urn:cite:ecod:einsiedeln121.sbe-0121_307",urn:cite:musicmss:sbe0121.307
"urn:cite:ecod:einsiedeln121.sbe-0121_308",urn:cite:musicmss:sbe0121.308
"urn:cite:ecod:einsiedeln121.sbe-0121_309",urn:cite:musicmss:sbe0121.309
"urn:cite:ecod:einsiedeln121.sbe-0121_310",urn:cite:musicmss:sbe0121.310
"urn:cite:ecod:einsiedeln121.sbe-0121_311",urn:cite:musicmss:sbe0121.311
"urn:cite:ecod:einsiedeln121.sbe-0121_312",urn:cite:musicmss:sbe0121.312
"urn:cite:ecod:einsiedeln121.sbe-0121_313",urn:cite:musicmss:sbe0121.313
"urn:cite:ecod:einsiedeln121.sbe-0121_314",urn:cite:musicmss:sbe0121.314
"urn:cite:ecod:einsiedeln121.sbe-0121_315",urn:cite:musicmss:sbe0121.315
"urn:cite:ecod:einsiedeln121.sbe-0121_316",urn:cite:musicmss:sbe0121.316
"urn:cite:ecod:einsiedeln121.sbe-0121_317",urn:cite:musicmss:sbe0121.317
"urn:cite:ecod:einsiedeln121.sbe-0121_318",urn:cite:musicmss:sbe0121.318
"urn:cite:ecod:einsiedeln121.sbe-0121_319",urn:cite:musicmss:sbe0121.319
"urn:cite:ecod:einsiedeln121.sbe-0121_320",urn:cite:musicmss:sbe0121.320
"urn:cite:ecod:einsiedeln121.sbe-0121_321",urn:cite:musicmss:sbe0121.321
"urn:cite:ecod:einsiedeln121.sbe-0121_322",urn:cite:musicmss:sbe0121.322
"urn:cite:ecod:einsiedeln121.sbe-0121_323",urn:cite:musicmss:sbe0121.323
"urn:cite:ecod:einsiedeln121.sbe-0121_324",urn:cite:musicmss:sbe0121.324
"urn:cite:ecod:einsiedeln121.sbe-0121_325",urn:cite:musicmss:sbe0121.325
"urn:cite:ecod:einsiedeln121.sbe-0121_326",urn:cite:musicmss:sbe0121.326
"urn:cite:ecod:einsiedeln121.sbe-0121_327",urn:cite:musicmss:sbe0121.327
"urn:cite:ecod:einsiedeln121.sbe-0121_328",urn:cite:musicmss:sbe0121.328
"urn:cite:ecod:einsiedeln121.sbe-0121_329",urn:cite:musicmss:sbe0121.329
"urn:cite:ecod:einsiedeln121.sbe-0121_330",urn:cite:musicmss:sbe0121.330
"urn:cite:ecod:einsiedeln121.sbe-0121_331",urn:cite:musicmss:sbe0121.331
"urn:cite:ecod:einsiedeln121.sbe-0121_332",urn:cite:musicmss:sbe0121.332
"urn:cite:ecod:einsiedeln121.sbe-0121_333",urn:cite:musicmss:sbe0121.333
"urn:cite:ecod:einsiedeln121.sbe-0121_334",urn:cite:musicmss:sbe0121.334
"urn:cite:ecod:einsiedeln121.sbe-0121_335",urn:cite:musicmss:sbe0121.335
"urn:cite:ecod:einsiedeln121.sbe-0121_336",urn:cite:musicmss:sbe0121.336
"urn:cite:ecod:einsiedeln121.sbe-0121_337",urn:cite:musicmss:sbe0121.337
"urn:cite:ecod:einsiedeln121.sbe-0121_338",urn:cite:musicmss:sbe0121.338
"urn:cite:ecod:einsiedeln121.sbe-0121_339",urn:cite:musicmss:sbe0121.339
"urn:cite:ecod:einsiedeln121.sbe-0121_340",urn:cite:musicmss:sbe0121.340
"urn:cite:ecod:einsiedeln121.sbe-0121_341",urn:cite:musicmss:sbe0121.341
"urn:cite:ecod:einsiedeln121.sbe-0121_342",urn:cite:musicmss:sbe0121.342
"urn:cite:ecod:einsiedeln121.sbe-0121_343",urn:cite:musicmss:sbe0121.343
"urn:cite:ecod:einsiedeln121.sbe-0121_344",urn:cite:musicmss:sbe0121.344
"urn:cite:ecod:einsiedeln121.sbe-0121_345",urn:cite:musicmss:sbe0121.345
"urn:cite:ecod:einsiedeln121.sbe-0121_346",urn:cite:musicmss:sbe0121.346
"urn:cite:ecod:einsiedeln121.sbe-0121_347",urn:cite:musicmss:sbe0121.347
"urn:cite:ecod:einsiedeln121.sbe-0121_348",urn:cite:musicmss:sbe0121.348
"urn:cite:ecod:einsiedeln121.sbe-0121_349",urn:cite:musicmss:sbe0121.349
"urn:cite:ecod:einsiedeln121.sbe-0121_350",urn:cite:musicmss:sbe0121.350
"urn:cite:ecod:einsiedeln121.sbe-0121_351",urn:cite:musicmss:sbe0121.351
"urn:cite:ecod:einsiedeln121.sbe-0121_352",urn:cite:musicmss:sbe0121.352
"urn:cite:ecod:einsiedeln121.sbe-0121_353",urn:cite:musicmss:sbe0121.353
"urn:cite:ecod:einsiedeln121.sbe-0121_354",urn:cite:musicmss:sbe0121.354
"urn:cite:ecod:einsiedeln121.sbe-0121_355",urn:cite:musicmss:sbe0121.355
"urn:cite:ecod:einsiedeln121.sbe-0121_356",urn:cite:musicmss:sbe0121.356
"urn:cite:ecod:einsiedeln121.sbe-0121_357",urn:cite:musicmss:sbe0121.357
"urn:cite:ecod:einsiedeln121.sbe-0121_358",urn:cite:musicmss:sbe0121.358
"urn:cite:ecod:einsiedeln121.sbe-0121_359",urn:cite:musicmss:sbe0121.359
"urn:cite:ecod:einsiedeln121.sbe-0121_360",urn:cite:musicmss:sbe0121.360
"urn:cite:ecod:einsiedeln121.sbe-0121_361",urn:cite:musicmss:sbe0121.361
"urn:cite:ecod:einsiedeln121.sbe-0121_362",urn:cite:musicmss:sbe0121.362
"urn:cite:ecod:einsiedeln121.sbe-0121_363",urn:cite:musicmss:sbe0121.363
"urn:cite:ecod:einsiedeln121.sbe-0121_364",urn:cite:musicmss:sbe0121.364
"urn:cite:ecod:einsiedeln121.sbe-0121_365",urn:cite:musicmss:sbe0121.365
"urn:cite:ecod:einsiedeln121.sbe-0121_366",urn:cite:musicmss:sbe0121.366
"urn:cite:ecod:einsiedeln121.sbe-0121_367",urn:cite:musicmss:sbe0121.367
"urn:cite:ecod:einsiedeln121.sbe-0121_368",urn:cite:musicmss:sbe0121.368
"urn:cite:ecod:einsiedeln121.sbe-0121_369",urn:cite:musicmss:sbe0121.369
"urn:cite:ecod:einsiedeln121.sbe-0121_370",urn:cite:musicmss:sbe0121.370
"urn:cite:ecod:einsiedeln121.sbe-0121_371",urn:cite:musicmss:sbe0121.371
"urn:cite:ecod:einsiedeln121.sbe-0121_372",urn:cite:musicmss:sbe0121.372
"urn:cite:ecod:einsiedeln121.sbe-0121_373",urn:cite:musicmss:sbe0121.373
"urn:cite:ecod:einsiedeln121.sbe-0121_374",urn:cite:musicmss:sbe0121.374
"urn:cite:ecod:einsiedeln121.sbe-0121_375",urn:cite:musicmss:sbe0121.375
"urn:cite:ecod:einsiedeln121.sbe-0121_376",urn:cite:musicmss:sbe0121.376
"urn:cite:ecod:einsiedeln121.sbe-0121_377",urn:cite:musicmss:sbe0121.377
"urn:cite:ecod:einsiedeln121.sbe-0121_378",urn:cite:musicmss:sbe0121.378
"urn:cite:ecod:einsiedeln121.sbe-0121_379",urn:cite:musicmss:sbe0121.379
"urn:cite:ecod:einsiedeln121.sbe-0121_380",urn:cite:musicmss:sbe0121.380
"urn:cite:ecod:einsiedeln121.sbe-0121_381",urn:cite:musicmss:sbe0121.381
"urn:cite:ecod:einsiedeln121.sbe-0121_382",urn:cite:musicmss:sbe0121.382
"urn:cite:ecod:einsiedeln121.sbe-0121_383",urn:cite:musicmss:sbe0121.383
"urn:cite:ecod:einsiedeln121.sbe-0121_384",urn:cite:musicmss:sbe0121.384
"urn:cite:ecod:einsiedeln121.sbe-0121_385",urn:cite:musicmss:sbe0121.385
"urn:cite:ecod:einsiedeln121.sbe-0121_386",urn:cite:musicmss:sbe0121.386
"urn:cite:ecod:einsiedeln121.sbe-0121_387",urn:cite:musicmss:sbe0121.387
"urn:cite:ecod:einsiedeln121.sbe-0121_388",urn:cite:musicmss:sbe0121.388
"urn:cite:ecod:einsiedeln121.sbe-0121_389",urn:cite:musicmss:sbe0121.389
"urn:cite:ecod:einsiedeln121.sbe-0121_390",urn:cite:musicmss:sbe0121.390
"urn:cite:ecod:einsiedeln121.sbe-0121_391",urn:cite:musicmss:sbe0121.391
"urn:cite:ecod:einsiedeln121.sbe-0121_392",urn:cite:musicmss:sbe0121.392
"urn:cite:ecod:einsiedeln121.sbe-0121_393",urn:cite:musicmss:sbe0121.393
"urn:cite:ecod:einsiedeln121.sbe-0121_394",urn:cite:musicmss:sbe0121.394
"urn:cite:ecod:einsiedeln121.sbe-0121_395",urn:cite:musicmss:sbe0121.395
"urn:cite:ecod:einsiedeln121.sbe-0121_396",urn:cite:musicmss:sbe0121.396
"urn:cite:ecod:einsiedeln121.sbe-0121_397",urn:cite:musicmss:sbe0121.397
"urn:cite:ecod:einsiedeln121.sbe-0121_398",urn:cite:musicmss:sbe0121.398
"urn:cite:ecod:einsiedeln121.sbe-0121_399",urn:cite:musicmss:sbe0121.399
"urn:cite:ecod:einsiedeln121.sbe-0121_400",urn:cite:musicmss:sbe0121.400
"urn:cite:ecod:einsiedeln121.sbe-0121_401",urn:cite:musicmss:sbe0121.401
"urn:cite:ecod:einsiedeln121.sbe-0121_402",urn:cite:musicmss:sbe0121.402
"urn:cite:ecod:einsiedeln121.sbe-0121_403",urn:cite:musicmss:sbe0121.403
"urn:cite:ecod:einsiedeln121.sbe-0121_404",urn:cite:musicmss:sbe0121.404
"urn:cite:ecod:einsiedeln121.sbe-0121_405",urn:cite:musicmss:sbe0121.405
"urn:cite:ecod:einsiedeln121.sbe-0121_406",urn:cite:musicmss:sbe0121.406
"urn:cite:ecod:einsiedeln121.sbe-0121_407",urn:cite:musicmss:sbe0121.407
"urn:cite:ecod:einsiedeln121.sbe-0121_408",urn:cite:musicmss:sbe0121.408
"urn:cite:ecod:einsiedeln121.sbe-0121_409",urn:cite:musicmss:sbe0121.409
"urn:cite:ecod:einsiedeln121.sbe-0121_410",urn:cite:musicmss:sbe0121.410
"urn:cite:ecod:einsiedeln121.sbe-0121_411",urn:cite:musicmss:sbe0121.411
"urn:cite:ecod:einsiedeln121.sbe-0121_412",urn:cite:musicmss:sbe0121.412
"urn:cite:ecod:einsiedeln121.sbe-0121_413",urn:cite:musicmss:sbe0121.413
"urn:cite:ecod:einsiedeln121.sbe-0121_414",urn:cite:musicmss:sbe0121.414
"urn:cite:ecod:einsiedeln121.sbe-0121_415",urn:cite:musicmss:sbe0121.415
"urn:cite:ecod:einsiedeln121.sbe-0121_416",urn:cite:musicmss:sbe0121.416
"urn:cite:ecod:einsiedeln121.sbe-0121_417",urn:cite:musicmss:sbe0121.417
"urn:cite:ecod:einsiedeln121.sbe-0121_418",urn:cite:musicmss:sbe0121.418
"urn:cite:ecod:einsiedeln121.sbe-0121_419",urn:cite:musicmss:sbe0121.419
"urn:cite:ecod:einsiedeln121.sbe-0121_420",urn:cite:musicmss:sbe0121.420
"urn:cite:ecod:einsiedeln121.sbe-0121_421",urn:cite:musicmss:sbe0121.421
"urn:cite:ecod:einsiedeln121.sbe-0121_422",urn:cite:musicmss:sbe0121.422
"urn:cite:ecod:einsiedeln121.sbe-0121_423",urn:cite:musicmss:sbe0121.423
"urn:cite:ecod:einsiedeln121.sbe-0121_424",urn:cite:musicmss:sbe0121.424
"urn:cite:ecod:einsiedeln121.sbe-0121_425",urn:cite:musicmss:sbe0121.425
"urn:cite:ecod:einsiedeln121.sbe-0121_426",urn:cite:musicmss:sbe0121.426
"urn:cite:ecod:einsiedeln121.sbe-0121_427",urn:cite:musicmss:sbe0121.427
"urn:cite:ecod:einsiedeln121.sbe-0121_428",urn:cite:musicmss:sbe0121.428
"urn:cite:ecod:einsiedeln121.sbe-0121_429",urn:cite:musicmss:sbe0121.429
"urn:cite:ecod:einsiedeln121.sbe-0121_430",urn:cite:musicmss:sbe0121.430
"urn:cite:ecod:einsiedeln121.sbe-0121_431",urn:cite:musicmss:sbe0121.431
"urn:cite:ecod:einsiedeln121.sbe-0121_432",urn:cite:musicmss:sbe0121.432
"urn:cite:ecod:einsiedeln121.sbe-0121_433",urn:cite:musicmss:sbe0121.433
"urn:cite:ecod:einsiedeln121.sbe-0121_434",urn:cite:musicmss:sbe0121.434
"urn:cite:ecod:einsiedeln121.sbe-0121_435",urn:cite:musicmss:sbe0121.435
"urn:cite:ecod:einsiedeln121.sbe-0121_436",urn:cite:musicmss:sbe0121.436
"urn:cite:ecod:einsiedeln121.sbe-0121_437",urn:cite:musicmss:sbe0121.437
"urn:cite:ecod:einsiedeln121.sbe-0121_438",urn:cite:musicmss:sbe0121.438
"urn:cite:ecod:einsiedeln121.sbe-0121_439",urn:cite:musicmss:sbe0121.439
"urn:cite:ecod:einsiedeln121.sbe-0121_440",urn:cite:musicmss:sbe0121.440
"urn:cite:ecod:einsiedeln121.sbe-0121_441",urn:cite:musicmss:sbe0121.441
"urn:cite:ecod:einsiedeln121.sbe-0121_442",urn:cite:musicmss:sbe0121.442
"urn:cite:ecod:einsiedeln121.sbe-0121_443",urn:cite:musicmss:sbe0121.443
"urn:cite:ecod:einsiedeln121.sbe-0121_444",urn:cite:musicmss:sbe0121.444
"urn:cite:ecod:einsiedeln121.sbe-0121_445",urn:cite:musicmss:sbe0121.445
"urn:cite:ecod:einsiedeln121.sbe-0121_446",urn:cite:musicmss:sbe0121.446
"urn:cite:ecod:einsiedeln121.sbe-0121_447",urn:cite:musicmss:sbe0121.447
"urn:cite:ecod:einsiedeln121.sbe-0121_448",urn:cite:musicmss:sbe0121.448
"urn:cite:ecod:einsiedeln121.sbe-0121_449",urn:cite:musicmss:sbe0121.449
"urn:cite:ecod:einsiedeln121.sbe-0121_450",urn:cite:musicmss:sbe0121.450
"urn:cite:ecod:einsiedeln121.sbe-0121_451",urn:cite:musicmss:sbe0121.451
"urn:cite:ecod:einsiedeln121.sbe-0121_452",urn:cite:musicmss:sbe0121.452
"urn:cite:ecod:einsiedeln121.sbe-0121_453",urn:cite:musicmss:sbe0121.453
"urn:cite:ecod:einsiedeln121.sbe-0121_454",urn:cite:musicmss:sbe0121.454
"urn:cite:ecod:einsiedeln121.sbe-0121_455",urn:cite:musicmss:sbe0121.455
"urn:cite:ecod:einsiedeln121.sbe-0121_456",urn:cite:musicmss:sbe0121.456
"urn:cite:ecod:einsiedeln121.sbe-0121_457",urn:cite:musicmss:sbe0121.457
"urn:cite:ecod:einsiedeln121.sbe-0121_458",urn:cite:musicmss:sbe0121.458
"urn:cite:ecod:einsiedeln121.sbe-0121_459",urn:cite:musicmss:sbe0121.459
"urn:cite:ecod:einsiedeln121.sbe-0121_460",urn:cite:musicmss:sbe0121.460
"urn:cite:ecod:einsiedeln121.sbe-0121_461",urn:cite:musicmss:sbe0121.461
"urn:cite:ecod:einsiedeln121.sbe-0121_462",urn:cite:musicmss:sbe0121.462
"urn:cite:ecod:einsiedeln121.sbe-0121_463",urn:cite:musicmss:sbe0121.463
"urn:cite:ecod:einsiedeln121.sbe-0121_464",urn:cite:musicmss:sbe0121.464
"urn:cite:ecod:einsiedeln121.sbe-0121_465",urn:cite:musicmss:sbe0121.465
"urn:cite:ecod:einsiedeln121.sbe-0121_466",urn:cite:musicmss:sbe0121.466
"urn:cite:ecod:einsiedeln121.sbe-0121_467",urn:cite:musicmss:sbe0121.467
"urn:cite:ecod:einsiedeln121.sbe-0121_468",urn:cite:musicmss:sbe0121.468
"urn:cite:ecod:einsiedeln121.sbe-0121_469",urn:cite:musicmss:sbe0121.469
"urn:cite:ecod:einsiedeln121.sbe-0121_470",urn:cite:musicmss:sbe0121.470
"urn:cite:ecod:einsiedeln121.sbe-0121_471",urn:cite:musicmss:sbe0121.471
"urn:cite:ecod:einsiedeln121.sbe-0121_472",urn:cite:musicmss:sbe0121.472
"urn:cite:ecod:einsiedeln121.sbe-0121_473",urn:cite:musicmss:sbe0121.473
"urn:cite:ecod:einsiedeln121.sbe-0121_474",urn:cite:musicmss:sbe0121.474
"urn:cite:ecod:einsiedeln121.sbe-0121_475",urn:cite:musicmss:sbe0121.475
"urn:cite:ecod:einsiedeln121.sbe-0121_476",urn:cite:musicmss:sbe0121.476
"urn:cite:ecod:einsiedeln121.sbe-0121_477",urn:cite:musicmss:sbe0121.477
"urn:cite:ecod:einsiedeln121.sbe-0121_478",urn:cite:musicmss:sbe0121.478
"urn:cite:ecod:einsiedeln121.sbe-0121_479",urn:cite:musicmss:sbe0121.479
"urn:cite:ecod:einsiedeln121.sbe-0121_480",urn:cite:musicmss:sbe0121.480
"urn:cite:ecod:einsiedeln121.sbe-0121_481",urn:cite:musicmss:sbe0121.481
"urn:cite:ecod:einsiedeln121.sbe-0121_482",urn:cite:musicmss:sbe0121.482
"urn:cite:ecod:einsiedeln121.sbe-0121_483",urn:cite:musicmss:sbe0121.483
"urn:cite:ecod:einsiedeln121.sbe-0121_484",urn:cite:musicmss:sbe0121.484
"urn:cite:ecod:einsiedeln121.sbe-0121_485",urn:cite:musicmss:sbe0121.485
"urn:cite:ecod:einsiedeln121.sbe-0121_486",urn:cite:musicmss:sbe0121.486
"urn:cite:ecod:einsiedeln121.sbe-0121_487",urn:cite:musicmss:sbe0121.487
"urn:cite:ecod:einsiedeln121.sbe-0121_488",urn:cite:musicmss:sbe0121.488
"urn:cite:ecod:einsiedeln121.sbe-0121_489",urn:cite:musicmss:sbe0121.489
"urn:cite:ecod:einsiedeln121.sbe-0121_490",urn:cite:musicmss:sbe0121.490
"urn:cite:ecod:einsiedeln121.sbe-0121_491",urn:cite:musicmss:sbe0121.491
"urn:cite:ecod:einsiedeln121.sbe-0121_492",urn:cite:musicmss:sbe0121.492
"urn:cite:ecod:einsiedeln121.sbe-0121_493",urn:cite:musicmss:sbe0121.493
"urn:cite:ecod:einsiedeln121.sbe-0121_494",urn:cite:musicmss:sbe0121.494
"urn:cite:ecod:einsiedeln121.sbe-0121_495",urn:cite:musicmss:sbe0121.495
"urn:cite:ecod:einsiedeln121.sbe-0121_496",urn:cite:musicmss:sbe0121.496
"urn:cite:ecod:einsiedeln121.sbe-0121_497",urn:cite:musicmss:sbe0121.497
"urn:cite:ecod:einsiedeln121.sbe-0121_498",urn:cite:musicmss:sbe0121.498
"urn:cite:ecod:einsiedeln121.sbe-0121_499",urn:cite:musicmss:sbe0121.499
"urn:cite:ecod:einsiedeln121.sbe-0121_500",urn:cite:musicmss:sbe0121.500
"urn:cite:ecod:einsiedeln121.sbe-0121_501",urn:cite:musicmss:sbe0121.501
"urn:cite:ecod:einsiedeln121.sbe-0121_502",urn:cite:musicmss:sbe0121.502
"urn:cite:ecod:einsiedeln121.sbe-0121_503",urn:cite:musicmss:sbe0121.503
"urn:cite:ecod:einsiedeln121.sbe-0121_504",urn:cite:musicmss:sbe0121.504
"urn:cite:ecod:einsiedeln121.sbe-0121_505",urn:cite:musicmss:sbe0121.505
"urn:cite:ecod:einsiedeln121.sbe-0121_506",urn:cite:musicmss:sbe0121.506
"urn:cite:ecod:einsiedeln121.sbe-0121_507",urn:cite:musicmss:sbe0121.507
"urn:cite:ecod:einsiedeln121.sbe-0121_508",urn:cite:musicmss:sbe0121.508
"urn:cite:ecod:einsiedeln121.sbe-0121_509",urn:cite:musicmss:sbe0121.509
"urn:cite:ecod:einsiedeln121.sbe-0121_510",urn:cite:musicmss:sbe0121.510
"urn:cite:ecod:einsiedeln121.sbe-0121_511",urn:cite:musicmss:sbe0121.511
"urn:cite:ecod:einsiedeln121.sbe-0121_512",urn:cite:musicmss:sbe0121.512
"urn:cite:ecod:einsiedeln121.sbe-0121_513",urn:cite:musicmss:sbe0121.513
"urn:cite:ecod:einsiedeln121.sbe-0121_514",urn:cite:musicmss:sbe0121.514
"urn:cite:ecod:einsiedeln121.sbe-0121_515",urn:cite:musicmss:sbe0121.515
"urn:cite:ecod:einsiedeln121.sbe-0121_516",urn:cite:musicmss:sbe0121.516
"urn:cite:ecod:einsiedeln121.sbe-0121_517",urn:cite:musicmss:sbe0121.517
"urn:cite:ecod:einsiedeln121.sbe-0121_518",urn:cite:musicmss:sbe0121.518
"urn:cite:ecod:einsiedeln121.sbe-0121_519",urn:cite:musicmss:sbe0121.519
"urn:cite:ecod:einsiedeln121.sbe-0121_520",urn:cite:musicmss:sbe0121.520
"urn:cite:ecod:einsiedeln121.sbe-0121_521",urn:cite:musicmss:sbe0121.521
"urn:cite:ecod:einsiedeln121.sbe-0121_522",urn:cite:musicmss:sbe0121.522
"urn:cite:ecod:einsiedeln121.sbe-0121_523",urn:cite:musicmss:sbe0121.523
"urn:cite:ecod:einsiedeln121.sbe-0121_524",urn:cite:musicmss:sbe0121.524
"urn:cite:ecod:einsiedeln121.sbe-0121_525",urn:cite:musicmss:sbe0121.525
"urn:cite:ecod:einsiedeln121.sbe-0121_526",urn:cite:musicmss:sbe0121.526
"urn:cite:ecod:einsiedeln121.sbe-0121_527",urn:cite:musicmss:sbe0121.527
"urn:cite:ecod:einsiedeln121.sbe-0121_528",urn:cite:musicmss:sbe0121.528
"urn:cite:ecod:einsiedeln121.sbe-0121_529",urn:cite:musicmss:sbe0121.529
"urn:cite:ecod:einsiedeln121.sbe-0121_530",urn:cite:musicmss:sbe0121.530
"urn:cite:ecod:einsiedeln121.sbe-0121_531",urn:cite:musicmss:sbe0121.531
"urn:cite:ecod:einsiedeln121.sbe-0121_532",urn:cite:musicmss:sbe0121.532
"urn:cite:ecod:einsiedeln121.sbe-0121_533",urn:cite:musicmss:sbe0121.533
"urn:cite:ecod:einsiedeln121.sbe-0121_534",urn:cite:musicmss:sbe0121.534
"urn:cite:ecod:einsiedeln121.sbe-0121_535",urn:cite:musicmss:sbe0121.535
"urn:cite:ecod:einsiedeln121.sbe-0121_536",urn:cite:musicmss:sbe0121.536
"urn:cite:ecod:einsiedeln121.sbe-0121_537",urn:cite:musicmss:sbe0121.537
"urn:cite:ecod:einsiedeln121.sbe-0121_538",urn:cite:musicmss:sbe0121.538
"urn:cite:ecod:einsiedeln121.sbe-0121_539",urn:cite:musicmss:sbe0121.539
"urn:cite:ecod:einsiedeln121.sbe-0121_540",urn:cite:musicmss:sbe0121.540
"urn:cite:ecod:einsiedeln121.sbe-0121_541",urn:cite:musicmss:sbe0121.541
"urn:cite:ecod:einsiedeln121.sbe-0121_542",urn:cite:musicmss:sbe0121.542
"urn:cite:ecod:einsiedeln121.sbe-0121_543",urn:cite:musicmss:sbe0121.543
"urn:cite:ecod:einsiedeln121.sbe-0121_544",urn:cite:musicmss:sbe0121.544
"urn:cite:ecod:einsiedeln121.sbe-0121_545",urn:cite:musicmss:sbe0121.545
"urn:cite:ecod:einsiedeln121.sbe-0121_546",urn:cite:musicmss:sbe0121.546
"urn:cite:ecod:einsiedeln121.sbe-0121_547",urn:cite:musicmss:sbe0121.547
"urn:cite:ecod:einsiedeln121.sbe-0121_548",urn:cite:musicmss:sbe0121.548
"urn:cite:ecod:einsiedeln121.sbe-0121_549",urn:cite:musicmss:sbe0121.549
"urn:cite:ecod:einsiedeln121.sbe-0121_550",urn:cite:musicmss:sbe0121.550
"urn:cite:ecod:einsiedeln121.sbe-0121_551",urn:cite:musicmss:sbe0121.551
"urn:cite:ecod:einsiedeln121.sbe-0121_552",urn:cite:musicmss:sbe0121.552
"urn:cite:ecod:einsiedeln121.sbe-0121_553",urn:cite:musicmss:sbe0121.553
"urn:cite:ecod:einsiedeln121.sbe-0121_554",urn:cite:musicmss:sbe0121.554
"urn:cite:ecod:einsiedeln121.sbe-0121_555",urn:cite:musicmss:sbe0121.555
"urn:cite:ecod:einsiedeln121.sbe-0121_556",urn:cite:musicmss:sbe0121.556
"urn:cite:ecod:einsiedeln121.sbe-0121_557",urn:cite:musicmss:sbe0121.557
"urn:cite:ecod:einsiedeln121.sbe-0121_558",urn:cite:musicmss:sbe0121.558
"urn:cite:ecod:einsiedeln121.sbe-0121_559",urn:cite:musicmss:sbe0121.559
"urn:cite:ecod:einsiedeln121.sbe-0121_560",urn:cite:musicmss:sbe0121.560
"urn:cite:ecod:einsiedeln121.sbe-0121_561",urn:cite:musicmss:sbe0121.561
"urn:cite:ecod:einsiedeln121.sbe-0121_562",urn:cite:musicmss:sbe0121.562
"urn:cite:ecod:einsiedeln121.sbe-0121_563",urn:cite:musicmss:sbe0121.563
"urn:cite:ecod:einsiedeln121.sbe-0121_564",urn:cite:musicmss:sbe0121.564
"urn:cite:ecod:einsiedeln121.sbe-0121_565",urn:cite:musicmss:sbe0121.565
"urn:cite:ecod:einsiedeln121.sbe-0121_566",urn:cite:musicmss:sbe0121.566
"urn:cite:ecod:einsiedeln121.sbe-0121_567",urn:cite:musicmss:sbe0121.567
"urn:cite:ecod:einsiedeln121.sbe-0121_568",urn:cite:musicmss:sbe0121.568
"urn:cite:ecod:einsiedeln121.sbe-0121_569",urn:cite:musicmss:sbe0121.569
"urn:cite:ecod:einsiedeln121.sbe-0121_570",urn:cite:musicmss:sbe0121.570
"urn:cite:ecod:einsiedeln121.sbe-0121_571",urn:cite:musicmss:sbe0121.571
"urn:cite:ecod:einsiedeln121.sbe-0121_572",urn:cite:musicmss:sbe0121.572
"urn:cite:ecod:einsiedeln121.sbe-0121_573",urn:cite:musicmss:sbe0121.573
"urn:cite:ecod:einsiedeln121.sbe-0121_574",urn:cite:musicmss:sbe0121.574
"urn:cite:ecod:einsiedeln121.sbe-0121_575",urn:cite:musicmss:sbe0121.575
"urn:cite:ecod:einsiedeln121.sbe-0121_576",urn:cite:musicmss:sbe0121.576
"urn:cite:ecod:einsiedeln121.sbe-0121_577",urn:cite:musicmss:sbe0121.577
"urn:cite:ecod:einsiedeln121.sbe-0121_578",urn:cite:musicmss:sbe0121.578
"urn:cite:ecod:einsiedeln121.sbe-0121_579",urn:cite:musicmss:sbe0121.579
"urn:cite:ecod:einsiedeln121.sbe-0121_580",urn:cite:musicmss:sbe0121.580
"urn:cite:ecod:einsiedeln121.sbe-0121_581",urn:cite:musicmss:sbe0121.581
"urn:cite:ecod:einsiedeln121.sbe-0121_582",urn:cite:musicmss:sbe0121.582
"urn:cite:ecod:einsiedeln121.sbe-0121_583",urn:cite:musicmss:sbe0121.583
"urn:cite:ecod:einsiedeln121.sbe-0121_584",urn:cite:musicmss:sbe0121.584
"urn:cite:ecod:einsiedeln121.sbe-0121_585",urn:cite:musicmss:sbe0121.585
"urn:cite:ecod:einsiedeln121.sbe-0121_586",urn:cite:musicmss:sbe0121.586
"urn:cite:ecod:einsiedeln121.sbe-0121_587",urn:cite:musicmss:sbe0121.587
"urn:cite:ecod:einsiedeln121.sbe-0121_588",urn:cite:musicmss:sbe0121.588
"urn:cite:ecod:einsiedeln121.sbe-0121_589",urn:cite:musicmss:sbe0121.589
"urn:cite:ecod:einsiedeln121.sbe-0121_590",urn:cite:musicmss:sbe0121.590
"urn:cite:ecod:einsiedeln121.sbe-0121_591",urn:cite:musicmss:sbe0121.591
"urn:cite:ecod:einsiedeln121.sbe-0121_592",urn:cite:musicmss:sbe0121.592
"urn:cite:ecod:einsiedeln121.sbe-0121_593",urn:cite:musicmss:sbe0121.593
"urn:cite:ecod:einsiedeln121.sbe-0121_594",urn:cite:musicmss:sbe0121.594
"urn:cite:ecod:einsiedeln121.sbe-0121_595",urn:cite:musicmss:sbe0121.595
"urn:cite:ecod:einsiedeln121.sbe-0121_596",urn:cite:musicmss:sbe0121.596
"urn:cite:ecod:einsiedeln121.sbe-0121_597",urn:cite:musicmss:sbe0121.597
"urn:cite:ecod:einsiedeln121.sbe-0121_598",urn:cite:musicmss:sbe0121.598
"urn:cite:ecod:einsiedeln121.sbe-0121_599",urn:cite:musicmss:sbe0121.599
"urn:cite:ecod:einsiedeln121.sbe-0121_600",urn:cite:musicmss:sbe0121.600
