imageURN, textURN
"urn:cite:ecod:einsiedeln121img.sbe_0121_001@0.0551,0.057,0.6326,0.084",Page 1
"urn:cite:ecod:einsiedeln121img.sbe_0121_001@0.0841,0.1283,0.5906,0.0758",
"urn:cite:ecod:einsiedeln121img.sbe_0121_001@0.1161,0.1845,0.5766,0.0683",
"urn:cite:ecod:einsiedeln121img.sbe_0121_001@0.1261,0.2423,0.5646,0.0668",
"urn:cite:ecod:einsiedeln121img.sbe_0121_001@0.1361,0.3091,0.5806,0.0578",
"urn:cite:ecod:einsiedeln121img.sbe_0121_001@0.1141,0.3646,0.5566,0.0623",
"urn:cite:ecod:einsiedeln121img.sbe_0121_001@0.1411,0.4239,0.5916,0.0705",
"urn:cite:ecod:einsiedeln121img.sbe_0121_001@0.1441,0.4966,0.5756,0.0623",
"urn:cite:ecod:einsiedeln121img.sbe_0121_001@0.1411,0.5589,0.5886,0.063",
"urn:cite:ecod:einsiedeln121img.sbe_0121_001@0.1411,0.6197,0.5495,0.063",
"urn:cite:ecod:einsiedeln121img.sbe_0121_001@0.1471,0.6812,0.2192,0.0563",
"urn:cite:ecod:einsiedeln121img.sbe_0121_001@0.1101,0.7209,0.7167,0.0705",
"urn:cite:ecod:einsiedeln121img.sbe_0121_001@0.1371,0.7854,0.5706,0.0608",
"urn:cite:ecod:einsiedeln121img.sbe_0121_002@0.3283,0.0548,0.6276,0.0803",Page 2
"urn:cite:ecod:einsiedeln121img.sbe_0121_002@0.3273,0.1298,0.3644,0.0638",
"urn:cite:ecod:einsiedeln121img.sbe_0121_002@0.2943,0.1875,0.6266,0.0713",
"urn:cite:ecod:einsiedeln121img.sbe_0121_002@0.3383,0.2476,0.5616,0.063",
"urn:cite:ecod:einsiedeln121img.sbe_0121_002@0.3373,0.2446,0.5726,0.0728",
"urn:cite:ecod:einsiedeln121img.sbe_0121_002@0.3514,0.3046,0.5355,0.0615",
"urn:cite:ecod:einsiedeln121img.sbe_0121_002@0.3353,0.3593,0.6346,0.0833",
"urn:cite:ecod:einsiedeln121img.sbe_0121_002@0.7508,0.3106,0.2092,0.1425", numes only for previous line
"urn:cite:ecod:einsiedeln121img.sbe_0121_002@0.2573,0.4321,0.6096,0.0683", 
"urn:cite:ecod:einsiedeln121img.sbe_0121_002@0.4965,0.5656,0.4324,0.0525",
"urn:cite:ecod:einsiedeln121img.sbe_0121_002@0.1822,0.5364,0.3253,0.4201", giant letter P
"urn:cite:ecod:einsiedeln121img.sbe_0121_002@0.2673,0.6092,0.6226,0.069",
"urn:cite:ecod:einsiedeln121img.sbe_0121_002@0.3774,0.6737,0.4985,0.0645",
"urn:cite:ecod:einsiedeln121img.sbe_0121_002@0.3534,0.7337,0.5616,0.0623",
"urn:cite:ecod:einsiedeln121img.sbe_0121_002@0.3493,0.7877,0.5806,0.0675",
"urn:cite:ecod:einsiedeln121img.sbe_0121_003@0.1051,0.0698,0.5726,0.0608",Page 3
"urn:cite:ecod:einsiedeln121img.sbe_0121_003@0.0541,0.1403,0.6086,0.0585",
"urn:cite:ecod:einsiedeln121img.sbe_0121_003@0.029,0.1845,0.7698,0.0675",
"urn:cite:ecod:einsiedeln121img.sbe_0121_003@0.1011,0.2431,0.6246,0.0615",
"urn:cite:ecod:einsiedeln121img.sbe_0121_003@0.0571,0.2993,0.5886,0.0668",
"urn:cite:ecod:einsiedeln121img.sbe_0121_003@0.0841,0.3608,0.7237,0.0645",
"urn:cite:ecod:einsiedeln121img.sbe_0121_003@0.6597,0.2851,0.1582,0.1268", numes only for previous line
"urn:cite:ecod:einsiedeln121img.sbe_0121_003@0.1051,0.4149,0.7267,0.0683",
"urn:cite:ecod:einsiedeln121img.sbe_0121_003@0.044,0.4801,0.5976,0.075",
"urn:cite:ecod:einsiedeln121img.sbe_0121_003@0.0871,0.5476,0.6316,0.0608",
"urn:cite:ecod:einsiedeln121img.sbe_0121_003@0.0871,0.5476,0.6316,0.0608",
"urn:cite:ecod:einsiedeln121img.sbe_0121_003@0.1051,0.6032,0.5846,0.0705",
"urn:cite:ecod:einsiedeln121img.sbe_0121_003@0.1081,0.6714,0.5465,0.0683",
"urn:cite:ecod:einsiedeln121img.sbe_0121_003@0.0731,0.7329,0.5646,0.054",
"urn:cite:ecod:einsiedeln121img.sbe_0121_003@0.6006,0.5484,0.1802,0.2333", numes only for previous line
"urn:cite:ecod:einsiedeln121img.sbe_0121_003@0.0521,0.7794,0.6567,0.0645",
"urn:cite:ecod:einsiedeln121img.sbe_0121_003@0.6466,0.6669,0.1371,0.15", numes only for previous line
"urn:cite:ecod:einsiedeln121img.sbe_0121_004@0.3493,0.0638,0.5395,0.0705",Page 4
"urn:cite:ecod:einsiedeln121img.sbe_0121_004@0.3554,0.1403,0.5506,0.0585",
"urn:cite:ecod:einsiedeln121img.sbe_0121_004@0.3363,0.1988,0.5696,0.0555",
"urn:cite:ecod:einsiedeln121img.sbe_0121_004@0.3433,0.2476,0.3644,0.0593",
"urn:cite:ecod:einsiedeln121img.sbe_0121_004@0.2633,0.3023,0.7087,0.0608",
"urn:cite:ecod:einsiedeln121img.sbe_0121_004@0.8529,0.1958,0.1181,0.1613", numes only for previous line
"urn:cite:ecod:einsiedeln121img.sbe_0121_004@0.2222,0.3661,0.6496,0.0615",
"urn:cite:ecod:einsiedeln121img.sbe_0121_004@0.3383,0.4246,0.6026,0.0675",
"urn:cite:ecod:einsiedeln121img.sbe_0121_004@0.2763,0.4929,0.6086,0.0593",
"urn:cite:ecod:einsiedeln121img.sbe_0121_004@0.3383,0.5536,0.5385,0.0578",
"urn:cite:ecod:einsiedeln121img.sbe_0121_004@0.3103,0.6129,0.6426,0.0623",
"urn:cite:ecod:einsiedeln121img.sbe_0121_004@0.8659,0.5566,0.0861,0.0848", numes only for previous line
"urn:cite:ecod:einsiedeln121img.sbe_0121_004@0.3393,0.6737,0.6286,0.0615",
"urn:cite:ecod:einsiedeln121img.sbe_0121_004@0.2613,0.7337,0.6496,0.0608",
"urn:cite:ecod:einsiedeln121img.sbe_0121_004@0.3403,0.7952,0.5886,0.0585",
"urn:cite:ecod:einsiedeln121img.sbe_0121_005@0.1001,0.0675,0.5986,0.0645",Page 5
"urn:cite:ecod:einsiedeln121img.sbe_0121_005@0.0521,0.1215,0.2422,0.1598", giant letter D
"urn:cite:ecod:einsiedeln121img.sbe_0121_005@0.0561,0.129,0.6366,0.0623",
"urn:cite:ecod:einsiedeln121img.sbe_0121_005@0.2743,0.192,0.3534,0.0608",
"urn:cite:ecod:einsiedeln121img.sbe_0121_005@0.1121,0.2498,0.6196,0.06",
"urn:cite:ecod:einsiedeln121img.sbe_0121_005@0.1141,0.3068,0.5946,0.0608",
"urn:cite:ecod:einsiedeln121img.sbe_0121_005@0.1001,0.3661,0.3854,0.069",
"urn:cite:ecod:einsiedeln121img.sbe_0121_005@0.0531,0.4299,0.7117,0.0593",
"urn:cite:ecod:einsiedeln121img.sbe_0121_005@0.045,0.4794,0.6707,0.0773",
"urn:cite:ecod:einsiedeln121img.sbe_0121_005@0.1231,0.5446,0.3163,0.063",
"urn:cite:ecod:einsiedeln121img.sbe_0121_005@0.0641,0.6047,0.6456,0.0735",
"urn:cite:ecod:einsiedeln121img.sbe_0121_005@0.1331,0.6714,0.6076,0.0608",
"urn:cite:ecod:einsiedeln121img.sbe_0121_005@0.0551,0.7277,0.5025,0.075",
"urn:cite:ecod:einsiedeln121img.sbe_0121_005@0.0961,0.7952,0.5866,0.0533",
"urn:cite:ecod:einsiedeln121img.sbe_0121_005@0.6527,0.7667,0.0951,0.0413", numes only from previous line
"urn:cite:ecod:einsiedeln121img.sbe_0121_006@0.3584,0.0638,0.6146,0.069",Page 6
"urn:cite:ecod:einsiedeln121img.sbe_0121_006@0.3504,0.132,0.6126,0.066",
"urn:cite:ecod:einsiedeln121img.sbe_0121_006@0.2543,0.195,0.6967,0.0653",
"urn:cite:ecod:einsiedeln121img.sbe_0121_006@0.3363,0.2521,0.6306,0.0593",
"urn:cite:ecod:einsiedeln121img.sbe_0121_006@0.2663,0.3083,0.6356,0.0593",
"urn:cite:ecod:einsiedeln121img.sbe_0121_006@0.3163,0.3578,0.6096,0.0758",
"urn:cite:ecod:einsiedeln121img.sbe_0121_006@0.3123,0.4261,0.6356,0.0653",
"urn:cite:ecod:einsiedeln121img.sbe_0121_006@0.2693,0.4869,0.6707,0.066",
"urn:cite:ecod:einsiedeln121img.sbe_0121_006@0.3253,0.5454,0.6136,0.0645",
"urn:cite:ecod:einsiedeln121img.sbe_0121_006@0.3413,0.6099,0.6036,0.0638",
"urn:cite:ecod:einsiedeln121img.sbe_0121_006@0.3393,0.6677,0.6266,0.069",
"urn:cite:ecod:einsiedeln121img.sbe_0121_006@0.2723,0.7359,0.6697,0.0578",
"urn:cite:ecod:einsiedeln121img.sbe_0121_006@0.3353,0.7839,0.5946,0.0615",
"urn:cite:ecod:einsiedeln121img.sbe_0121_007@0.2432,0.084,0.5005,0.0563",Page 7
"urn:cite:ecod:einsiedeln121img.sbe_0121_007@0.044,0.1035,0.2222,0.162", giant letter G
"urn:cite:ecod:einsiedeln121img.sbe_0121_007@0.046,0.129,0.6396,0.0728",
"urn:cite:ecod:einsiedeln121img.sbe_0121_007@0.2513,0.1913,0.4434,0.0683",
"urn:cite:ecod:einsiedeln121img.sbe_0121_007@0.1361,0.2513,0.5796,0.0653",
"urn:cite:ecod:einsiedeln121img.sbe_0121_007@0.1291,0.3098,0.5836,0.0578",
"urn:cite:ecod:einsiedeln121img.sbe_0121_007@0.1261,0.3623,0.5666,0.0683",
"urn:cite:ecod:einsiedeln121img.sbe_0121_007@0.1451,0.4276,0.5425,0.0645",
"urn:cite:ecod:einsiedeln121img.sbe_0121_007@0.1351,0.4914,0.5385,0.0668",
"urn:cite:ecod:einsiedeln121img.sbe_0121_007@0.1211,0.5559,0.2312,0.06",
"urn:cite:ecod:einsiedeln121img.sbe_0121_007@0.0611,0.6137,0.7047,0.0683",
"urn:cite:ecod:einsiedeln121img.sbe_0121_007@0.0641,0.6804,0.6366,0.063",
"urn:cite:ecod:einsiedeln121img.sbe_0121_007@0.1211,0.7382,0.6046,0.057",
"urn:cite:ecod:einsiedeln121img.sbe_0121_007@0.1271,0.7869,0.3393,0.0593",
"urn:cite:ecod:einsiedeln121img.sbe_0121_008@0.2513,0.0585,0.6657,0.084",Page 8
"urn:cite:ecod:einsiedeln121img.sbe_0121_008@0.3393,0.141,0.5856,0.0638",
"urn:cite:ecod:einsiedeln121img.sbe_0121_008@0.3283,0.2018,0.5285,0.0495",
"urn:cite:ecod:einsiedeln121img.sbe_0121_008@0.2482,0.2476,0.5355,0.069",
"urn:cite:ecod:einsiedeln121img.sbe_0121_008@0.2903,0.3158,0.5946,0.0555",
"urn:cite:ecod:einsiedeln121img.sbe_0121_008@0.3123,0.3668,0.6156,0.0623",
"urn:cite:ecod:einsiedeln121img.sbe_0121_008@0.2192,0.4269,0.7407,0.081",
"urn:cite:ecod:einsiedeln121img.sbe_0121_008@0.2863,0.5064,0.6086,0.051",
"urn:cite:ecod:einsiedeln121img.sbe_0121_008@0.3193,0.5566,0.6206,0.0608",
"urn:cite:ecod:einsiedeln121img.sbe_0121_008@0.8709,0.5176,0.0891,0.0833", numes only from previous line
"urn:cite:ecod:einsiedeln121img.sbe_0121_008@0.2462,0.6182,0.6456,0.0683",
"urn:cite:ecod:einsiedeln121img.sbe_0121_008@0.3113,0.6864,0.6356,0.0525",
"urn:cite:ecod:einsiedeln121img.sbe_0121_008@0.8759,0.6542,0.0801,0.066", numes only from previous line
"urn:cite:ecod:einsiedeln121img.sbe_0121_008@0.3063,0.7367,0.6016,0.0623",
"urn:cite:ecod:einsiedeln121img.sbe_0121_008@0.2583,0.7944,0.5966,0.0593",
"urn:cite:ecod:einsiedeln121img.sbe_0121_009@0.1151,0.0623,0.6356,0.081",Page 9
"urn:cite:ecod:einsiedeln121img.sbe_0121_009@0.1321,0.1433,0.4054,0.0615",
"urn:cite:ecod:einsiedeln121img.sbe_0121_009@0.041,0.1935,0.6046,0.0683",
"urn:cite:ecod:einsiedeln121img.sbe_0121_009@0.1131,0.2498,0.6577,0.063",
"urn:cite:ecod:einsiedeln121img.sbe_0121_009@0.1251,0.3158,0.5155,0.054",
"urn:cite:ecod:einsiedeln121img.sbe_0121_009@0.046,0.3668,0.6637,0.0705",
"urn:cite:ecod:einsiedeln121img.sbe_0121_009@0.1161,0.4321,0.6066,0.069",
"urn:cite:ecod:einsiedeln121img.sbe_0121_009@0.1211,0.5004,0.4244,0.0608",
"urn:cite:ecod:einsiedeln121img.sbe_0121_009@0.2492,0.5724,0.4575,0.051",
"urn:cite:ecod:einsiedeln121img.sbe_0121_009@0.0531,0.5476,0.3023,0.2213", giant letter R
"urn:cite:ecod:einsiedeln121img.sbe_0121_009@0.045,0.6227,0.6386,0.066",
"urn:cite:ecod:einsiedeln121img.sbe_0121_009@0.3083,0.6902,0.3654,0.0638",
"urn:cite:ecod:einsiedeln121img.sbe_0121_009@0.1231,0.7464,0.5606,0.057",
"urn:cite:ecod:einsiedeln121img.sbe_0121_009@0.1171,0.8005,0.5516,0.057",
"urn:cite:ecod:einsiedeln121img.sbe_0121_010@0.2643,0.0578,0.7037,0.0833",Page 10
"urn:cite:ecod:einsiedeln121img.sbe_0121_010@0.2472,0.1343,0.7197,0.0683",
"urn:cite:ecod:einsiedeln121img.sbe_0121_010@0.3463,0.1958,0.6256,0.0578",
"urn:cite:ecod:einsiedeln121img.sbe_0121_010@0.3443,0.2491,0.6126,0.0645",
"urn:cite:ecod:einsiedeln121img.sbe_0121_010@0.2653,0.3001,0.7057,0.0675",
"urn:cite:ecod:einsiedeln121img.sbe_0121_010@0.3383,0.3653,0.6366,0.066",
"urn:cite:ecod:einsiedeln121img.sbe_0121_010@0.3343,0.4314,0.6166,0.0578",
"urn:cite:ecod:einsiedeln121img.sbe_0121_010@0.3233,0.4839,0.5355,0.0705",
"urn:cite:ecod:einsiedeln121img.sbe_0121_010@0.2503,0.5491,0.6627,0.0675",
"urn:cite:ecod:einsiedeln121img.sbe_0121_010@0.3213,0.6084,0.6016,0.0713",
"urn:cite:ecod:einsiedeln121img.sbe_0121_010@0.3273,0.6737,0.6406,0.0638",
"urn:cite:ecod:einsiedeln121img.sbe_0121_010@0.9039,0.5146,0.0721,0.2048", numes only from previous line
"urn:cite:ecod:einsiedeln121img.sbe_0121_010@0.2773,0.7337,0.6707,0.0608",
"urn:cite:ecod:einsiedeln121img.sbe_0121_010@0.3293,0.7914,0.5405,0.0585",
"urn:cite:ecod:einsiedeln121img.sbe_0121_011@0.1091,0.0683,0.6476,0.0645",Page 11
"urn:cite:ecod:einsiedeln121img.sbe_0121_011@0.0511,0.1425,0.6246,0.0548",
"urn:cite:ecod:einsiedeln121img.sbe_0121_011@0.0891,0.1935,0.5696,0.0585",
"urn:cite:ecod:einsiedeln121img.sbe_0121_011@0.1281,0.2513,0.5315,0.0578",
"urn:cite:ecod:einsiedeln121img.sbe_0121_011@0.1311,0.3076,0.3183,0.0563",
"urn:cite:ecod:einsiedeln121img.sbe_0121_011@0.1311,0.3076,0.3183,0.0563",
"urn:cite:ecod:einsiedeln121img.sbe_0121_011@0.1271,0.4284,0.5385,0.0623",
"urn:cite:ecod:einsiedeln121img.sbe_0121_011@0.1311,0.4929,0.5726,0.0698",
"urn:cite:ecod:einsiedeln121img.sbe_0121_011@0.1261,0.5664,0.5195,0.051",
"urn:cite:ecod:einsiedeln121img.sbe_0121_011@0.1301,0.6272,0.5596,0.0645",
"urn:cite:ecod:einsiedeln121img.sbe_0121_011@0.0561,0.6849,0.6256,0.0585",
"urn:cite:ecod:einsiedeln121img.sbe_0121_011@0.1331,0.7464,0.5135,0.0578",
"urn:cite:ecod:einsiedeln121img.sbe_0121_011@0.1281,0.7937,0.5516,0.069",
"urn:cite:ecod:einsiedeln121img.sbe_0121_012@0.3634,0.069,0.5956,0.06",Page 12
"urn:cite:ecod:einsiedeln121img.sbe_0121_012@0.3594,0.1283,0.5045,0.072",
"urn:cite:ecod:einsiedeln121img.sbe_0121_012@0.3574,0.1928,0.5115,0.0615",
"urn:cite:ecod:einsiedeln121img.sbe_0121_012@0.3524,0.2491,0.5255,0.0555",
"urn:cite:ecod:einsiedeln121img.sbe_0121_012@0.3504,0.3083,0.4735,0.0503",
"urn:cite:ecod:einsiedeln121img.sbe_0121_012@0.2693,0.3571,0.6196,0.0735",
"urn:cite:ecod:einsiedeln121img.sbe_0121_012@0.3463,0.4239,0.5385,0.0615",
"urn:cite:ecod:einsiedeln121img.sbe_0121_012@0.3443,0.4846,0.4825,0.0668",
"urn:cite:ecod:einsiedeln121img.sbe_0121_012@0.2713,0.5514,0.6036,0.069",
"urn:cite:ecod:einsiedeln121img.sbe_0121_012@0.3353,0.5716,0.5425,0.1125",
"urn:cite:ecod:einsiedeln121img.sbe_0121_012@0.3483,0.6564,0.5375,0.0923",
"urn:cite:ecod:einsiedeln121img.sbe_0121_012@0.3473,0.7322,0.5986,0.066",
"urn:cite:ecod:einsiedeln121img.sbe_0121_012@0.3333,0.7794,0.6326,0.0698",
"urn:cite:ecod:einsiedeln121img.sbe_0121_013@0.0731,0.0623,0.6547,0.078",Page 13
"urn:cite:ecod:einsiedeln121img.sbe_0121_013@0.1582,0.1095,0.6476,0.0908",
"urn:cite:ecod:einsiedeln121img.sbe_0121_013@0.0851,0.1935,0.5876,0.0645",
"urn:cite:ecod:einsiedeln121img.sbe_0121_013@0.1532,0.2528,0.5085,0.06",
"urn:cite:ecod:einsiedeln121img.sbe_0121_013@0.1512,0.3098,0.4254,0.0638",
"urn:cite:ecod:einsiedeln121img.sbe_0121_013@0.0611,0.3616,0.6046,0.1695",
"urn:cite:ecod:einsiedeln121img.sbe_0121_013@0.1662,0.4359,0.5005,0.0645",
"urn:cite:ecod:einsiedeln121img.sbe_0121_013@0.1502,0.4996,0.5085,0.0645",
"urn:cite:ecod:einsiedeln121img.sbe_0121_013@0.1481,0.5596,0.5636,0.0645",
"urn:cite:ecod:einsiedeln121img.sbe_0121_013@0.1471,0.6137,0.7047,0.075",
"urn:cite:ecod:einsiedeln121img.sbe_0121_013@0.0621,0.6797,0.7047,0.0728",
"urn:cite:ecod:einsiedeln121img.sbe_0121_013@0.1502,0.7374,0.5676,0.063",
"urn:cite:ecod:einsiedeln121img.sbe_0121_013@0.1431,0.7974,0.6056,0.0555",
"urn:cite:ecod:einsiedeln121img.sbe_0121_014@0.2683,0.0443,0.6116,0.0878",Page 14
"urn:cite:ecod:einsiedeln121img.sbe_0121_014@0.3313,0.1268,0.5966,0.0713",
"urn:cite:ecod:einsiedeln121img.sbe_0121_014@0.3283,0.1905,0.5566,0.0645",
"urn:cite:ecod:einsiedeln121img.sbe_0121_014@0.2472,0.2506,0.3664,0.0593",
"urn:cite:ecod:einsiedeln121img.sbe_0121_014@0.2452,0.3158,0.6076,0.0525",
"urn:cite:ecod:einsiedeln121img.sbe_0121_014@0.3253,0.3758,0.5065,0.0525",
"urn:cite:ecod:einsiedeln121img.sbe_0121_014@0.3203,0.4329,0.5495,0.0683",
"urn:cite:ecod:einsiedeln121img.sbe_0121_014@0.1612,0.4719,0.6226,0.2243",
"urn:cite:ecod:einsiedeln121img.sbe_0121_014@0.4204,0.5559,0.4234,0.069",
"urn:cite:ecod:einsiedeln121img.sbe_0121_014@0.3764,0.6279,0.4875,0.057",
"urn:cite:ecod:einsiedeln121img.sbe_0121_014@0.3263,0.6857,0.5716,0.0593",
"urn:cite:ecod:einsiedeln121img.sbe_0121_014@0.3233,0.7427,0.4334,0.0563",
"urn:cite:ecod:einsiedeln121img.sbe_0121_014@0.2593,0.805,0.5586,0.0563",
"urn:cite:ecod:einsiedeln121img.sbe_0121_014@0.2593,0.805,0.5586,0.0563",page 15 possible errors
"urn:cite:ecod:einsiedeln121img.sbe_0121_014@0.1111,0.1118,0.6887,0.069",
"urn:cite:ecod:einsiedeln121img.sbe_0121_014@0.0581,0.132,0.7568,0.1178",
"urn:cite:ecod:einsiedeln121img.sbe_0121_014@0.1251,0.2326,0.5616,0.0735",
"urn:cite:ecod:einsiedeln121img.sbe_0121_015@0.1251,0.2933,0.5225,0.0645",
"urn:cite:ecod:einsiedeln121img.sbe_0121_015@0.0621,0.3556,0.5806,0.0675",
"urn:cite:ecod:einsiedeln121img.sbe_0121_015@0.1321,0.4134,0.5706,0.0713",
"urn:cite:ecod:einsiedeln121img.sbe_0121_015@0.1231,0.4854,0.4625,0.0645",
"urn:cite:ecod:einsiedeln121img.sbe_0121_015@0.0661,0.5394,0.5856,0.075",
"urn:cite:ecod:einsiedeln121img.sbe_0121_015@0.1341,0.6017,0.5906,0.069",
"urn:cite:ecod:einsiedeln121img.sbe_0121_015@0.0601,0.6587,0.6476,0.075",
"urn:cite:ecod:einsiedeln121img.sbe_0121_015@0.1381,0.7277,0.4995,0.06",
"urn:cite:ecod:einsiedeln121img.sbe_0121_015@0.1291,0.7884,0.5265,0.06",
"urn:cite:ecod:einsiedeln121img.sbe_0121_015@0.1291,0.7884,0.5265,0.06",
"urn:cite:ecod:einsiedeln121img.sbe_0121_016@0.3644,0.1268,0.5095,0.0555",Page 16
"urn:cite:ecod:einsiedeln121img.sbe_0121_016@0.2953,0.147,0.6797,0.1005",
"urn:cite:ecod:einsiedeln121img.sbe_0121_016@0.3644,0.2408,0.4855,0.063",
"urn:cite:ecod:einsiedeln121img.sbe_0121_016@0.2973,0.3001,0.5996,0.0653",
"urn:cite:ecod:einsiedeln121img.sbe_0121_016@0.3634,0.3608,0.5465,0.066",
"urn:cite:ecod:einsiedeln121img.sbe_0121_016@0.3644,0.3998,0.6246,0.0885",
"urn:cite:ecod:einsiedeln121img.sbe_0121_016@0.3644,0.4764,0.5996,0.069",
"urn:cite:ecod:einsiedeln121img.sbe_0121_016@0.2563,0.5326,0.6867,0.174",
"urn:cite:ecod:einsiedeln121img.sbe_0121_016@0.4494,0.6032,0.4625,0.0653",
"urn:cite:ecod:einsiedeln121img.sbe_0121_016@0.3634,0.6279,0.5886,0.1065",
"urn:cite:ecod:einsiedeln121img.sbe_0121_016@0.3584,0.7217,0.5806,0.0773",
"urn:cite:ecod:einsiedeln121img.sbe_0121_016@0.2733,0.7832,0.6907,0.084",
"urn:cite:ecod:einsiedeln121img.sbe_0121_017@0.0831,0.0675,0.5826,0.0728",Page 17
"urn:cite:ecod:einsiedeln121img.sbe_0121_017@0.1321,0.1275,0.6186,0.057",
"urn:cite:ecod:einsiedeln121img.sbe_0121_017@0.0731,0.1883,0.6086,0.0773",
"urn:cite:ecod:einsiedeln121img.sbe_0121_017@0.1241,0.2423,0.4935,0.0638",
"urn:cite:ecod:einsiedeln121img.sbe_0121_017@0.1021,0.2386,0.5896,0.1283",
"urn:cite:ecod:einsiedeln121img.sbe_0121_017@0.1341,0.3586,0.5596,0.069",
"urn:cite:ecod:einsiedeln121img.sbe_0121_017@0.1341,0.4156,0.6186,0.069",
"urn:cite:ecod:einsiedeln121img.sbe_0121_017@0.1171,0.4899,0.7067,0.0555",
"urn:cite:ecod:einsiedeln121img.sbe_0121_017@0.0951,0.5469,0.5866,0.0728",
"urn:cite:ecod:einsiedeln121img.sbe_0121_017@0.1011,0.6032,0.5986,0.078",
"urn:cite:ecod:einsiedeln121img.sbe_0121_017@0.1371,0.6624,0.6797,0.063",
"urn:cite:ecod:einsiedeln121img.sbe_0121_017@0.1401,0.7187,0.5305,0.0743",
"urn:cite:ecod:einsiedeln121img.sbe_0121_017@0.1061,0.7787,0.6106,0.0773",
"urn:cite:ecod:einsiedeln121img.sbe_0121_018@0.3443,0.0765,0.5796,0.0638",Page 18
"urn:cite:ecod:einsiedeln121img.sbe_0121_018@0.3413,0.0825,0.6276,0.126",
"urn:cite:ecod:einsiedeln121img.sbe_0121_018@0.3303,0.192,0.6156,0.066",
"urn:cite:ecod:einsiedeln121img.sbe_0121_018@0.3393,0.2528,0.6016,0.0593",
"urn:cite:ecod:einsiedeln121img.sbe_0121_018@0.3383,0.3136,0.6016,0.066",
"urn:cite:ecod:einsiedeln121img.sbe_0121_018@0.3123,0.3721,0.6066,0.0608",
"urn:cite:ecod:einsiedeln121img.sbe_0121_018@0.3564,0.4276,0.5686,0.0608",
"urn:cite:ecod:einsiedeln121img.sbe_0121_018@0.3493,0.4854,0.5916,0.0773",
"urn:cite:ecod:einsiedeln121img.sbe_0121_018@0.3253,0.5551,0.6256,0.0615",
"urn:cite:ecod:einsiedeln121img.sbe_0121_018@0.3353,0.6122,0.5806,0.0638",
"urn:cite:ecod:einsiedeln121img.sbe_0121_018@0.3443,0.6804,0.5365,0.0555",
"urn:cite:ecod:einsiedeln121img.sbe_0121_018@0.3413,0.7314,0.4064,0.069",
"urn:cite:ecod:einsiedeln121img.sbe_0121_018@0.3193,0.7869,0.5766,0.069",
"urn:cite:ecod:einsiedeln121img.sbe_0121_019@0.1071,0.0675,0.5606,0.069",Page 19,
"urn:cite:ecod:einsiedeln121img.sbe_0121_019@0.1311,0.1275,0.5355,0.0578",
"urn:cite:ecod:einsiedeln121img.sbe_0121_019@0.1311,0.1778,0.5355,0.0728",
"urn:cite:ecod:einsiedeln121img.sbe_0121_019@0.1021,0.2123,0.5886,0.0975",
"urn:cite:ecod:einsiedeln121img.sbe_0121_019@0.1311,0.3008,0.5435,0.0608",
"urn:cite:ecod:einsiedeln121img.sbe_0121_019@0.1341,0.3586,0.6006,0.063",
"urn:cite:ecod:einsiedeln121img.sbe_0121_019@0.1341,0.4201,0.5415,0.0668",
"urn:cite:ecod:einsiedeln121img.sbe_0121_019@0.1051,0.4839,0.5676,0.0668",
"urn:cite:ecod:einsiedeln121img.sbe_0121_019@0.1361,0.5416,0.5676,0.0668",
"urn:cite:ecod:einsiedeln121img.sbe_0121_019@0.1361,0.6047,0.5986,0.0705",
"urn:cite:ecod:einsiedeln121img.sbe_0121_019@0.1071,0.6557,0.7347,0.0765",
"urn:cite:ecod:einsiedeln121img.sbe_0121_019@0.1341,0.6572,0.7157,0.135",
"urn:cite:ecod:einsiedeln121img.sbe_0121_019@0.1371,0.7637,0.7127,0.12",
"urn:cite:ecod:einsiedeln121img.sbe_0121_020@0.3193,0.069,0.6476,0.0765",Page 20
"urn:cite:ecod:einsiedeln121img.sbe_0121_020@0.3704,0.1118,0.6296,0.0833",
"urn:cite:ecod:einsiedeln121img.sbe_0121_020@0.2953,0.177,0.5706,0.0743",
"urn:cite:ecod:einsiedeln121img.sbe_0121_020@0.3514,0.2341,0.5826,0.0743",
"urn:cite:ecod:einsiedeln121img.sbe_0121_020@0.3453,0.3106,0.3744,0.0488",
"urn:cite:ecod:einsiedeln121img.sbe_0121_020@0.2773,0.3608,0.5806,0.0668",
"urn:cite:ecod:einsiedeln121img.sbe_0121_020@0.3383,0.2453,0.6306,0.2423",
"urn:cite:ecod:einsiedeln121img.sbe_0121_020@0.2713,0.4884,0.6126,0.0608",
"urn:cite:ecod:einsiedeln121img.sbe_0121_020@0.3253,0.5469,0.5435,0.0623",
"urn:cite:ecod:einsiedeln121img.sbe_0121_020@0.3413,0.6144,0.4214,0.0533",
"urn:cite:ecod:einsiedeln121img.sbe_0121_020@0.2773,0.6602,0.6196,0.072",
"urn:cite:ecod:einsiedeln121img.sbe_0121_020@0.3313,0.7179,0.5455,0.075",
"urn:cite:ecod:einsiedeln121img.sbe_0121_020@0.3343,0.7944,0.5225,0.0593",
"urn:cite:ecod:einsiedeln121img.sbe_0121_021@0.1301,0.0608,0.6236,0.0735",Page 21
"urn:cite:ecod:einsiedeln121img.sbe_0121_021@0.0741,0.129,0.6196,0.0638",
"urn:cite:ecod:einsiedeln121img.sbe_0121_021@0.1221,0.1883,0.5345,0.054",
"urn:cite:ecod:einsiedeln121img.sbe_0121_021@0.1231,0.2378,0.5726,0.069",
"urn:cite:ecod:einsiedeln121img.sbe_0121_021@0.1241,0.2956,0.6016,0.0668",
"urn:cite:ecod:einsiedeln121img.sbe_0121_021@0.1331,0.3533,0.5886,0.0653",
"urn:cite:ecod:einsiedeln121img.sbe_0121_021@0.1231,0.4134,0.5626,0.0698",
"urn:cite:ecod:einsiedeln121img.sbe_0121_021@0.0671,0.4876,0.6176,0.066",
"urn:cite:ecod:einsiedeln121img.sbe_0121_021@0.1351,0.5461,0.5656,0.063",
"urn:cite:ecod:einsiedeln121img.sbe_0121_021@0.1341,0.6054,0.6066,0.066",
"urn:cite:ecod:einsiedeln121img.sbe_0121_021@0.041,0.6729,0.6597,0.0803",
"urn:cite:ecod:einsiedeln121img.sbe_0121_021@0.1331,0.7284,0.5896,0.0668",
"urn:cite:ecod:einsiedeln121img.sbe_0121_021@0.1331,0.7824,0.5816,0.0705",
"urn:cite:ecod:einsiedeln121img.sbe_0121_022@0.3514,0.078,0.5295,0.0608",Page 22
"urn:cite:ecod:einsiedeln121img.sbe_0121_022@0.3504,0.132,0.5295,0.0608",
"urn:cite:ecod:einsiedeln121img.sbe_0121_022@0.3263,0.1868,0.5345,0.063",
"urn:cite:ecod:einsiedeln121img.sbe_0121_022@0.1562,0.2498,0.7588,0.0705",
"urn:cite:ecod:einsiedeln121img.sbe_0121_022@0.1592,0.3023,0.8138,0.0705",
"urn:cite:ecod:einsiedeln121img.sbe_0121_022@0.3143,0.3668,0.5566,0.063",
"urn:cite:ecod:einsiedeln121img.sbe_0121_022@0.3443,0.4246,0.6376,0.069",
"urn:cite:ecod:einsiedeln121img.sbe_0121_022@0.3433,0.4636,0.6426,0.0795",
"urn:cite:ecod:einsiedeln121img.sbe_0121_022@0.2112,0.5416,0.6597,0.0795",
"urn:cite:ecod:einsiedeln121img.sbe_0121_022@0.4975,0.6159,0.4214,0.0563",
"urn:cite:ecod:einsiedeln121img.sbe_0121_022@0.2262,0.3908,0.2923,0.4044", giant letter h
"urn:cite:ecod:einsiedeln121img.sbe_0121_022@0.2703,0.6669,0.6527,0.0728",
"urn:cite:ecod:einsiedeln121img.sbe_0121_022@0.4915,0.7269,0.4424,0.0728",
"urn:cite:ecod:einsiedeln121img.sbe_0121_022@0.3193,0.7869,0.5816,0.0728",
"urn:cite:ecod:einsiedeln121img.sbe_0121_023@0.1241,0.0788,0.4675,0.06",Page 23
"urn:cite:ecod:einsiedeln121img.sbe_0121_023@0.046,0.1358,0.7788,0.06",
"urn:cite:ecod:einsiedeln121img.sbe_0121_023@0.046,0.1875,0.6466,0.072",
"urn:cite:ecod:einsiedeln121img.sbe_0121_023@0.1281,0.2438,0.5726,0.0668",
"urn:cite:ecod:einsiedeln121img.sbe_0121_023@0.1311,0.3023,0.6166,0.0668",
"urn:cite:ecod:einsiedeln121img.sbe_0121_023@0.0521,0.3556,0.7117,0.0698",
"urn:cite:ecod:einsiedeln121img.sbe_0121_023@0.1001,0.4261,0.7117,0.0698",
"urn:cite:ecod:einsiedeln121img.sbe_0121_023@0.1091,0.4891,0.6106,0.0698",
"urn:cite:ecod:einsiedeln121img.sbe_0121_023@0.1121,0.5476,0.6607,0.075",
"urn:cite:ecod:einsiedeln121img.sbe_0121_023@0.1081,0.6197,0.5696,0.0608",
"urn:cite:ecod:einsiedeln121img.sbe_0121_023@0.0521,0.7517,0.4224,0.0608",
"urn:cite:ecod:einsiedeln121img.sbe_0121_023@0.0661,0.7967,0.6366,0.0705",
"urn:cite:ecod:einsiedeln121img.sbe_0121_024@0.3113,0.0615,0.5716,0.078",Page 24
"urn:cite:ecod:einsiedeln121img.sbe_0121_024@0.3313,0.129,0.5906,0.0585",
"urn:cite:ecod:einsiedeln121img.sbe_0121_024@0.2543,0.18,0.6767,0.0758",
"urn:cite:ecod:einsiedeln121img.sbe_0121_024@0.2472,0.2438,0.6767,0.0758",
"urn:cite:ecod:einsiedeln121img.sbe_0121_024@0.3103,0.3061,0.6066,0.063",
"urn:cite:ecod:einsiedeln121img.sbe_0121_024@0.2863,0.3661,0.6066,0.063",
"urn:cite:ecod:einsiedeln121img.sbe_0121_024@0.3083,0.4276,0.6486,0.063",
"urn:cite:ecod:einsiedeln121img.sbe_0121_024@0.8509,0.2093,0.1281,0.2813",
"urn:cite:ecod:einsiedeln121img.sbe_0121_024@0.3103,0.4801,0.5896,0.0735",
"urn:cite:ecod:einsiedeln121img.sbe_0121_024@0.3233,0.5454,0.5896,0.0735",
"urn:cite:ecod:einsiedeln121img.sbe_0121_024@0.4384,0.6137,0.5165,0.063",
"urn:cite:ecod:einsiedeln121img.sbe_0121_024@0.1471,0.3143,0.3504,0.4801", giant letter d
"urn:cite:ecod:einsiedeln121img.sbe_0121_024@0.1762,0.6707,0.7387,0.0713",
"urn:cite:ecod:einsiedeln121img.sbe_0121_024@0.4685,0.7389,0.4004,0.0645",
"urn:cite:ecod:einsiedeln121img.sbe_0121_024@0.2843,0.7997,0.5195,0.0645",
"urn:cite:ecod:einsiedeln121img.sbe_0121_025@0.04,0.066,0.5836,0.075",Page 25
"urn:cite:ecod:einsiedeln121img.sbe_0121_025@0.0631,0.1253,0.6136,0.0615",
"urn:cite:ecod:einsiedeln121img.sbe_0121_025@0.0841,0.177,0.6507,0.0743",
"urn:cite:ecod:einsiedeln121img.sbe_0121_025@0.0681,0.2378,0.6507,0.0743",
"urn:cite:ecod:einsiedeln121img.sbe_0121_025@0.1141,0.2956,0.4084,0.0743",
"urn:cite:ecod:einsiedeln121img.sbe_0121_025@0.045,0.3368,0.7838,0.0863",
"urn:cite:ecod:einsiedeln121img.sbe_0121_025@0.1051,0.4179,0.5636,0.0683",
"urn:cite:ecod:einsiedeln121img.sbe_0121_025@0.1131,0.4786,0.6436,0.0803",
"urn:cite:ecod:einsiedeln121img.sbe_0121_025@0.0821,0.5461,0.6436,0.072",
"urn:cite:ecod:einsiedeln121img.sbe_0121_025@0.032,0.6077,0.6557,0.075",
"urn:cite:ecod:einsiedeln121img.sbe_0121_025@0.0501,0.6662,0.6557,0.075",
"urn:cite:ecod:einsiedeln121img.sbe_0121_025@0.1141,0.7239,0.6557,0.075",
"urn:cite:ecod:einsiedeln121img.sbe_0121_025@0.045,0.7907,0.6557,0.075",
"urn:cite:ecod:einsiedeln121img.sbe_0121_026@0.3283,0.0548,0.5686,0.081",Page 26
"urn:cite:ecod:einsiedeln121img.sbe_0121_026@0.2442,0.1208,0.7027,0.081",
"urn:cite:ecod:einsiedeln121img.sbe_0121_026@0.2673,0.1785,0.7027,0.081",
"urn:cite:ecod:einsiedeln121img.sbe_0121_026@0.2422,0.2408,0.7027,0.081",
"urn:cite:ecod:einsiedeln121img.sbe_0121_026@0.2392,0.2978,0.7027,0.081",
"urn:cite:ecod:einsiedeln121img.sbe_0121_026@0.2412,0.3541,0.7027,0.081",
"urn:cite:ecod:einsiedeln121img.sbe_0121_026@0.2222,0.4149,0.7027,0.081",
"urn:cite:ecod:einsiedeln121img.sbe_0121_026@0.3323,0.4756,0.4444,0.081",
"urn:cite:ecod:einsiedeln121img.sbe_0121_026@0.4044,0.5364,0.4444,0.081",
"urn:cite:ecod:einsiedeln121img.sbe_0121_026@0.1772,0.4059,0.3313,0.3571", giant letter l
"urn:cite:ecod:einsiedeln121img.sbe_0121_026@0.1772,0.5911,0.7347,0.0878",
"urn:cite:ecod:einsiedeln121img.sbe_0121_026@0.5115,0.6572,0.4164,0.0878",
"urn:cite:ecod:einsiedeln121img.sbe_0121_026@0.3103,0.7224,0.6026,0.0675",
"urn:cite:ecod:einsiedeln121img.sbe_0121_026@0.3023,0.7854,0.6026,0.0675",
"urn:cite:ecod:einsiedeln121img.sbe_0121_027@0.1121,0.0645,0.5906,0.075",Page 27
"urn:cite:ecod:einsiedeln121img.sbe_0121_027@0.1261,0.1253,0.6877,0.0773",
"urn:cite:ecod:einsiedeln121img.sbe_0121_027@0.0531,0.189,0.6947,0.0645",
"urn:cite:ecod:einsiedeln121img.sbe_0121_027@0.047,0.2431,0.6947,0.0773",
"urn:cite:ecod:einsiedeln121img.sbe_0121_027@0.0981,0.2963,0.6026,0.0773",
"urn:cite:ecod:einsiedeln121img.sbe_0121_027@0.1181,0.3541,0.4615,0.0728",
"urn:cite:ecod:einsiedeln121img.sbe_0121_027@0.024,0.3826,0.6727,0.1035",
"urn:cite:ecod:einsiedeln121img.sbe_0121_027@0.0701,0.4756,0.6727,0.0803",
"urn:cite:ecod:einsiedeln121img.sbe_0121_027@0.0531,0.5439,0.6727,0.0698",
"urn:cite:ecod:einsiedeln121img.sbe_0121_027@0.03,0.6107,0.6727,0.0788",
"urn:cite:ecod:einsiedeln121img.sbe_0121_027@0.1001,0.6662,0.6727,0.0788",
"urn:cite:ecod:einsiedeln121img.sbe_0121_027@0.0891,0.7254,0.5656,0.0788",
"urn:cite:ecod:einsiedeln121img.sbe_0121_027@0.1151,0.7757,0.6126,0.0855",
"urn:cite:ecod:einsiedeln121img.sbe_0121_028@0.2593,0.0615,0.6076,0.0765",Page 28
"urn:cite:ecod:einsiedeln121img.sbe_0121_028@0.3043,0.1223,0.6076,0.0683",
"urn:cite:ecod:einsiedeln121img.sbe_0121_028@0.3353,0.18,0.5345,0.0683",
"urn:cite:ecod:einsiedeln121img.sbe_0121_028@0.3063,0.2348,0.4074,0.0683",
"urn:cite:ecod:einsiedeln121img.sbe_0121_028@0.2643,0.2948,0.6086,0.0698",
"urn:cite:ecod:einsiedeln121img.sbe_0121_028@0.3033,0.3548,0.6086,0.0698",
"urn:cite:ecod:einsiedeln121img.sbe_0121_028@0.3083,0.4149,0.6086,0.0698",
"urn:cite:ecod:einsiedeln121img.sbe_0121_028@0.3083,0.4756,0.6106,0.0728",
"urn:cite:ecod:einsiedeln121img.sbe_0121_028@0.3043,0.5386,0.6106,0.0728",
"urn:cite:ecod:einsiedeln121img.sbe_0121_028@0.3263,0.6047,0.4875,0.0653",
"urn:cite:ecod:einsiedeln121img.sbe_0121_028@0.2503,0.6639,0.6907,0.0675",
"urn:cite:ecod:einsiedeln121img.sbe_0121_028@0.3453,0.7239,0.5315,0.0675",
"urn:cite:ecod:einsiedeln121img.sbe_0121_028@0.3393,0.7802,0.5556,0.069",
"urn:cite:ecod:einsiedeln121img.sbe_0121_029@0.1091,0.0623,0.5395,0.072",Page 29
"urn:cite:ecod:einsiedeln121img.sbe_0121_029@0.1141,0.1245,0.5676,0.072",
"urn:cite:ecod:einsiedeln121img.sbe_0121_029@0.1171,0.1838,0.5846,0.0675",
"urn:cite:ecod:einsiedeln121img.sbe_0121_029@0.0891,0.2461,0.6166,0.0458",
"urn:cite:ecod:einsiedeln121img.sbe_0121_029@0.0881,0.2768,0.7187,0.0878",
"urn:cite:ecod:einsiedeln121img.sbe_0121_029@0.0511,0.3646,0.5846,0.0623",
"urn:cite:ecod:einsiedeln121img.sbe_0121_029@0.1021,0.4224,0.5846,0.0645",
"urn:cite:ecod:einsiedeln121img.sbe_0121_029@0.1021,0.4914,0.3453,0.0645",
"urn:cite:ecod:einsiedeln121img.sbe_0121_029@0.0921,0.6092,0.6296,0.2393", checkerboard In Die Ad Missam
"urn:cite:ecod:einsiedeln121img.sbe_0121_030@0.1702,0.0293,0.5576,0.7764",Page 30 giant letter P
"urn:cite:ecod:einsiedeln121img.sbe_0121_030@0.2332,0.0353,0.7027,0.099",
"urn:cite:ecod:einsiedeln121img.sbe_0121_030@0.6907,0.1343,0.2252,0.1088",
"urn:cite:ecod:einsiedeln121img.sbe_0121_030@0.5606,0.2416,0.3504,0.1268",
"urn:cite:ecod:einsiedeln121img.sbe_0121_030@0.3544,0.3616,0.5556,0.0675",
"urn:cite:ecod:einsiedeln121img.sbe_0121_030@0.3614,0.4216,0.5556,0.0675",
"urn:cite:ecod:einsiedeln121img.sbe_0121_030@0.3634,0.4779,0.5606,0.0713",
"urn:cite:ecod:einsiedeln121img.sbe_0121_030@0.3664,0.5386,0.5606,0.0713",
"urn:cite:ecod:einsiedeln121img.sbe_0121_030@0.3674,0.6069,0.5876,0.0683",
"urn:cite:ecod:einsiedeln121img.sbe_0121_030@0.3684,0.6647,0.5876,0.0683",
"urn:cite:ecod:einsiedeln121img.sbe_0121_030@0.3283,0.7217,0.5876,0.0683",
"urn:cite:ecod:einsiedeln121img.sbe_0121_030@0.3153,0.7839,0.5085,0.0683",
"urn:cite:ecod:einsiedeln121img.sbe_0121_031@0.046,0.0473,0.7337,0.0705",pg 31
"urn:cite:ecod:einsiedeln121img.sbe_0121_031@0.1101,0.105,0.5826,0.0608",
"urn:cite:ecod:einsiedeln121img.sbe_0121_031@0.1211,0.162,0.5676,0.0653",
"urn:cite:ecod:einsiedeln121img.sbe_0121_031@0.1251,0.2228,0.5606,0.0578",
"urn:cite:ecod:einsiedeln121img.sbe_0121_031@0.0691,0.2851,0.5596,0.0608",
"urn:cite:ecod:einsiedeln121img.sbe_0121_031@0.0751,0.3413,0.5536,0.0675",
"urn:cite:ecod:einsiedeln121img.sbe_0121_031@0.1201,0.4029,0.5185,0.0638",
"urn:cite:ecod:einsiedeln121img.sbe_0121_031@0.1201,0.4704,0.5856,0.06",
"urn:cite:ecod:einsiedeln121img.sbe_0121_031@0.1181,0.5304,0.5185,0.0683",
"urn:cite:ecod:einsiedeln121img.sbe_0121_031@0.1231,0.5979,0.2753,0.0593",
"urn:cite:ecod:einsiedeln121img.sbe_0121_031@0.0511,0.6452,0.6226,0.0698",
"urn:cite:ecod:einsiedeln121img.sbe_0121_031@0.0511,0.7127,0.7417,0.0615",
"urn:cite:ecod:einsiedeln121img.sbe_0121_031@0.0781,0.7644,0.6366,0.0683",
"urn:cite:ecod:einsiedeln121img.sbe_0121_032@0.3554,0.0495,0.5225,0.0638",pg 32
"urn:cite:ecod:einsiedeln121img.sbe_0121_032@0.2713,0.093,0.6787,0.0705",
"urn:cite:ecod:einsiedeln121img.sbe_0121_032@0.3514,0.1575,0.5375,0.0683",
"urn:cite:ecod:einsiedeln121img.sbe_0121_032@0.3514,0.2198,0.5375,0.0608",
"urn:cite:ecod:einsiedeln121img.sbe_0121_032@0.3493,0.2768,0.6126,0.0623",
"urn:cite:ecod:einsiedeln121img.sbe_0121_032@0.3463,0.3368,0.4134,0.0683",
"urn:cite:ecod:einsiedeln121img.sbe_0121_032@0.2623,0.4006,0.6216,0.0653",
"urn:cite:ecod:einsiedeln121img.sbe_0121_032@0.3443,0.4644,0.6276,0.0623",
"urn:cite:ecod:einsiedeln121img.sbe_0121_032@0.3443,0.5259,0.5936,0.063",
"urn:cite:ecod:einsiedeln121img.sbe_0121_032@0.3504,0.5896,0.5546,0.0668",
"urn:cite:ecod:einsiedeln121img.sbe_0121_032@0.2813,0.6497,0.6236,0.0653",
"urn:cite:ecod:einsiedeln121img.sbe_0121_032@0.3403,0.7097,0.5205,0.0638",
"urn:cite:ecod:einsiedeln121img.sbe_0121_032@0.3403,0.7652,0.5596,0.0653",
"urn:cite:ecod:einsiedeln121img.sbe_0121_033@0.1071,0.051,0.6236,0.0585",pg 33
"urn:cite:ecod:einsiedeln121img.sbe_0121_033@0.0951,0.1013,0.5596,0.0585",
"urn:cite:ecod:einsiedeln121img.sbe_0121_033@0.0541,0.1575,0.6006,0.0683",
"urn:cite:ecod:einsiedeln121img.sbe_0121_033@0.1201,0.2168,0.5345,0.0623",
"urn:cite:ecod:einsiedeln121img.sbe_0121_033@0.2803,0.2888,0.3473,0.0488",
"urn:cite:ecod:einsiedeln121img.sbe_0121_033@0.038,0.2738,0.2673,0.2101",
"urn:cite:ecod:einsiedeln121img.sbe_0121_033@0.2723,0.3278,0.4234,0.0758",
"urn:cite:ecod:einsiedeln121img.sbe_0121_033@0.3013,0.3938,0.2883,0.0705",
"urn:cite:ecod:einsiedeln121img.sbe_0121_033@0.1171,0.4651,0.5055,0.0653",
"urn:cite:ecod:einsiedeln121img.sbe_0121_033@0.1171,0.5274,0.5195,0.0645",
"urn:cite:ecod:einsiedeln121img.sbe_0121_033@0.1211,0.5994,0.5465,0.06",
"urn:cite:ecod:einsiedeln121img.sbe_0121_033@0.1241,0.6489,0.5285,0.0668",
"urn:cite:ecod:einsiedeln121img.sbe_0121_033@0.1211,0.7142,0.4875,0.0563",
"urn:cite:ecod:einsiedeln121img.sbe_0121_033@0.0671,0.7712,0.5846,0.0563",
"urn:cite:ecod:einsiedeln121img.sbe_0121_034@0.2713,0.0353,0.6026,0.0795",pg 34
"urn:cite:ecod:einsiedeln121img.sbe_0121_034@0.3594,0.1043,0.5546,0.063",
"urn:cite:ecod:einsiedeln121img.sbe_0121_034@0.3634,0.165,0.4184,0.0578",
"urn:cite:ecod:einsiedeln121img.sbe_0121_034@0.2873,0.2198,0.6817,0.0608",
"urn:cite:ecod:einsiedeln121img.sbe_0121_034@0.3594,0.2768,0.5335,0.0608",
"urn:cite:ecod:einsiedeln121img.sbe_0121_034@0.3564,0.3473,0.6116,0.0555",
"urn:cite:ecod:einsiedeln121img.sbe_0121_034@0.2833,0.4059,0.5215,0.0758",
"urn:cite:ecod:einsiedeln121img.sbe_0121_034@0.3323,0.4156,0.6146,0.1133",
"urn:cite:ecod:einsiedeln121img.sbe_0121_034@0.3413,0.5221,0.6266,0.0675",
"urn:cite:ecod:einsiedeln121img.sbe_0121_034@0.2903,0.5971,0.6266,0.0675",
"urn:cite:ecod:einsiedeln121img.sbe_0121_034@0.3604,0.6542,0.5305,0.0615",
"urn:cite:ecod:einsiedeln121img.sbe_0121_034@0.3584,0.7127,0.5185,0.0578",
"urn:cite:ecod:einsiedeln121img.sbe_0121_034@0.3544,0.7637,0.5656,0.063",
"urn:cite:ecod:einsiedeln121img.sbe_0121_035@0.03,0.0548,0.6186,0.0623",pg 35
"urn:cite:ecod:einsiedeln121img.sbe_0121_035@0.1151,0.1043,0.6787,0.0653",
"urn:cite:ecod:einsiedeln121img.sbe_0121_035@0.1141,0.1665,0.6787,0.0578",
"urn:cite:ecod:einsiedeln121img.sbe_0121_035@0.0501,0.2281,0.6356,0.0518",
"urn:cite:ecod:einsiedeln121img.sbe_0121_035@0.1121,0.2813,0.5445,0.0668",
"urn:cite:ecod:einsiedeln121img.sbe_0121_035@0.1181,0.3458,0.5445,0.0668",
"urn:cite:ecod:einsiedeln121img.sbe_0121_035@0.1191,0.3983,0.5706,0.0668",
"urn:cite:ecod:einsiedeln121img.sbe_0121_035@0.1181,0.4546,0.6046,0.075",
"urn:cite:ecod:einsiedeln121img.sbe_0121_035@0.047,0.5289,0.6416,0.0683",
"urn:cite:ecod:einsiedeln121img.sbe_0121_035@0.1161,0.5874,0.5335,0.0713",
"urn:cite:ecod:einsiedeln121img.sbe_0121_035@0.1181,0.6512,0.6567,0.0638",
"urn:cite:ecod:einsiedeln121img.sbe_0121_035@0.1241,0.7134,0.5506,0.0608",
"urn:cite:ecod:einsiedeln121img.sbe_0121_035@0.1221,0.7712,0.5506,0.0608",
"urn:cite:ecod:einsiedeln121img.sbe_0121_036@0.3504,0.0555,0.4705,0.0585",pg 36
"urn:cite:ecod:einsiedeln121img.sbe_0121_036@0.2723,0.1125,0.6837,0.0615",
"urn:cite:ecod:einsiedeln121img.sbe_0121_036@0.3433,0.171,0.5936,0.063",
"urn:cite:ecod:einsiedeln121img.sbe_0121_036@0.3443,0.2341,0.5045,0.0525",
"urn:cite:ecod:einsiedeln121img.sbe_0121_036@0.3423,0.2821,0.6096,0.0585",
"urn:cite:ecod:einsiedeln121img.sbe_0121_036@0.2693,0.3526,0.6096,0.0585",
"urn:cite:ecod:einsiedeln121img.sbe_0121_036@0.3373,0.4089,0.5726,0.0585",
"urn:cite:ecod:einsiedeln121img.sbe_0121_036@0.3343,0.4681,0.5445,0.063",
"urn:cite:ecod:einsiedeln121img.sbe_0121_036@0.3363,0.5311,0.5445,0.0683",
"urn:cite:ecod:einsiedeln121img.sbe_0121_036@0.2713,0.6032,0.5896,0.0608",
"urn:cite:ecod:einsiedeln121img.sbe_0121_036@0.3313,0.6602,0.5566,0.0555",
"urn:cite:ecod:einsiedeln121img.sbe_0121_036@0.3343,0.7209,0.5606,0.0578",
"urn:cite:ecod:einsiedeln121img.sbe_0121_036@0.3243,0.7809,0.5005,0.0548",
"urn:cite:ecod:einsiedeln121img.sbe_0121_037@0.1351,0.0585,0.6036,0.057",pg 37
"urn:cite:ecod:einsiedeln121img.sbe_0121_037@0.3243,0.1253,0.4474,0.048",
"urn:cite:ecod:einsiedeln121img.sbe_0121_037@0.0621,0.111,0.2613,0.177",large e
"urn:cite:ecod:einsiedeln121img.sbe_0121_037@0.2953,0.165,0.4154,0.0675",
"urn:cite:ecod:einsiedeln121img.sbe_0121_037@0.2843,0.2318,0.3984,0.054",
"urn:cite:ecod:einsiedeln121img.sbe_0121_037@0.1461,0.2873,0.5375,0.054",
"urn:cite:ecod:einsiedeln121img.sbe_0121_037@0.1481,0.3496,0.5335,0.054",
"urn:cite:ecod:einsiedeln121img.sbe_0121_037@0.1481,0.4111,0.5335,0.0555",
"urn:cite:ecod:einsiedeln121img.sbe_0121_037@0.1421,0.4749,0.6046,0.057",
"urn:cite:ecod:einsiedeln121img.sbe_0121_037@0.1401,0.5319,0.7157,0.0615",
"urn:cite:ecod:einsiedeln121img.sbe_0121_037@0.0831,0.6009,0.6396,0.0615",
"urn:cite:ecod:einsiedeln121img.sbe_0121_037@0.6927,0.5731,0.1451,0.024",cont. neumes
"urn:cite:ecod:einsiedeln121img.sbe_0121_037@0.1381,0.6557,0.5656,0.0615",
"urn:cite:ecod:einsiedeln121img.sbe_0121_037@0.1391,0.7074,0.7127,0.0713",
"urn:cite:ecod:einsiedeln121img.sbe_0121_037@0.0781,0.7592,0.7718,0.078",
"urn:cite:ecod:einsiedeln121img.sbe_0121_038@0.3734,0.048,0.5245,0.0683",pg 38
"urn:cite:ecod:einsiedeln121img.sbe_0121_038@0.3574,0.1118,0.5385,0.0563",
"urn:cite:ecod:einsiedeln121img.sbe_0121_038@0.2763,0.1665,0.6647,0.0623",
"urn:cite:ecod:einsiedeln121img.sbe_0121_038@0.3534,0.2213,0.5716,0.0668",
"urn:cite:ecod:einsiedeln121img.sbe_0121_038@0.3574,0.2821,0.5596,0.0608",
"urn:cite:ecod:einsiedeln121img.sbe_0121_038@0.2793,0.3436,0.6587,0.0645",
"urn:cite:ecod:einsiedeln121img.sbe_0121_038@0.3413,0.4006,0.5415,0.066",
"urn:cite:ecod:einsiedeln121img.sbe_0121_038@0.3383,0.4666,0.5455,0.0645",
"urn:cite:ecod:einsiedeln121img.sbe_0121_038@0.3413,0.5341,0.5455,0.0593",
"urn:cite:ecod:einsiedeln121img.sbe_0121_038@0.3353,0.6002,0.6196,0.0623",
"urn:cite:ecod:einsiedeln121img.sbe_0121_038@0.2663,0.6534,0.6246,0.0713",
"urn:cite:ecod:einsiedeln121img.sbe_0121_038@0.3373,0.7044,0.6276,0.0713",
"urn:cite:ecod:einsiedeln121img.sbe_0121_038@0.3383,0.7592,0.6236,0.0818",
"urn:cite:ecod:einsiedeln121img.sbe_0121_039@0.042,0.042,0.6356,0.078",pg 39
"urn:cite:ecod:einsiedeln121img.sbe_0121_039@0.1311,0.12,0.5265,0.0593",
"urn:cite:ecod:einsiedeln121img.sbe_0121_039@0.1321,0.1635,0.4775,0.0608",
"urn:cite:ecod:einsiedeln121img.sbe_0121_039@0.1942,0.2266,0.4855,0.0578",
"urn:cite:ecod:einsiedeln121img.sbe_0121_039@0.033,0.2221,0.1872,0.4389",large i
"urn:cite:ecod:einsiedeln121img.sbe_0121_039@0.1842,0.2678,0.4995,0.0758",
"urn:cite:ecod:einsiedeln121img.sbe_0121_039@0.2272,0.3256,0.4575,0.0938",
"urn:cite:ecod:einsiedeln121img.sbe_0121_039@0.2082,0.4104,0.4545,0.0563",
"urn:cite:ecod:einsiedeln121img.sbe_0121_039@0.1962,0.4689,0.4855,0.0578",
"urn:cite:ecod:einsiedeln121img.sbe_0121_039@0.1742,0.5371,0.5065,0.054",
"urn:cite:ecod:einsiedeln121img.sbe_0121_039@0.1381,0.6039,0.4795,0.0525",
"urn:cite:ecod:einsiedeln121img.sbe_0121_039@0.0621,0.6639,0.7037,0.0518",
"urn:cite:ecod:einsiedeln121img.sbe_0121_039@0.0541,0.7134,0.6476,0.069",
"urn:cite:ecod:einsiedeln121img.sbe_0121_039@0.1381,0.7727,0.7007,0.0638",
"urn:cite:ecod:einsiedeln121img.sbe_0121_041@0.0991,0.033,0.6557,0.075",Page 41
"urn:cite:ecod:einsiedeln121img.sbe_0121_041@0.0991,0.1028,0.6557,0.0623",
"urn:cite:ecod:einsiedeln121img.sbe_0121_041@0.0521,0.1658,0.6857,0.063",
"urn:cite:ecod:einsiedeln121img.sbe_0121_041@0.0991,0.2266,0.6557,0.0548",
"urn:cite:ecod:einsiedeln121img.sbe_0121_041@0.0991,0.2723,0.7518,0.0638",
"urn:cite:ecod:einsiedeln121img.sbe_0121_041@0.0691,0.3233,0.7818,0.0818",
"urn:cite:ecod:einsiedeln121img.sbe_0121_041@0.0501,0.4119,0.6296,0.06",
"urn:cite:ecod:einsiedeln121img.sbe_0121_041@0.0501,0.4719,0.6557,0.0645",
"urn:cite:ecod:einsiedeln121img.sbe_0121_041@0.0501,0.5364,0.6557,0.066",
"urn:cite:ecod:einsiedeln121img.sbe_0121_041@0.0501,0.6024,0.6557,0.0615",
"urn:cite:ecod:einsiedeln121img.sbe_0121_041@0.3483,0.6639,0.3574,0.057",
"urn:cite:ecod:einsiedeln121img.sbe_0121_041@0.03,0.6557,0.2953,0.2258", The Letter 'E' beginning page 41, line 12
"urn:cite:ecod:einsiedeln121img.sbe_0121_041@0.3123,0.7142,0.3514,0.0593",
"urn:cite:ecod:einsiedeln121img.sbe_0121_041@0.3213,0.7734,0.3624,0.0735",
"urn:cite:ecod:einsiedeln121img.sbe_0121_041@0.3213,0.7764,0.3624,0.0705",
"urn:cite:ecod:einsiedeln121img.sbe_0121_042@0.3233,0.0623,0.5786,0.057",Page 42
"urn:cite:ecod:einsiedeln121img.sbe_0121_042@0.3213,0.1193,0.5976,0.0615",
"urn:cite:ecod:einsiedeln121img.sbe_0121_042@0.2983,0.1808,0.6356,0.051",
"urn:cite:ecod:einsiedeln121img.sbe_0121_042@0.2583,0.2318,0.6757,0.0555",
"urn:cite:ecod:einsiedeln121img.sbe_0121_042@0.3514,0.2873,0.5976,0.0615",
"urn:cite:ecod:einsiedeln121img.sbe_0121_042@0.2713,0.3488,0.6046,0.063",
"urn:cite:ecod:einsiedeln121img.sbe_0121_042@0.3313,0.4119,0.6006,0.0615",
"urn:cite:ecod:einsiedeln121img.sbe_0121_042@0.3313,0.4734,0.6006,0.0705",
"urn:cite:ecod:einsiedeln121img.sbe_0121_042@0.3313,0.5386,0.6006,0.06",
"urn:cite:ecod:einsiedeln121img.sbe_0121_042@0.3313,0.5986,0.6006,0.0608",
"urn:cite:ecod:einsiedeln121img.sbe_0121_042@0.2543,0.6594,0.6777,0.0593",
"urn:cite:ecod:einsiedeln121img.sbe_0121_042@0.3293,0.7134,0.5876,0.0698",
"urn:cite:ecod:einsiedeln121img.sbe_0121_042@0.3293,0.7704,0.5876,0.0758",
"urn:cite:ecod:einsiedeln121img.sbe_0121_043@0.1111,0.0345,0.4024,0.081",Page 43
"urn:cite:ecod:einsiedeln121img.sbe_0121_043@0.0541,0.1073,0.6086,0.0713",
"urn:cite:ecod:einsiedeln121img.sbe_0121_043@0.1251,0.1665,0.5616,0.0615",
"urn:cite:ecod:einsiedeln121img.sbe_0121_043@0.1251,0.2221,0.6076,0.0638",
"urn:cite:ecod:einsiedeln121img.sbe_0121_043@0.1221,0.2813,0.6106,0.0638",
"urn:cite:ecod:einsiedeln121img.sbe_0121_043@0.0601,0.3451,0.6727,0.0645",
"urn:cite:ecod:einsiedeln121img.sbe_0121_043@0.1231,0.4096,0.6096,0.0608",
"urn:cite:ecod:einsiedeln121img.sbe_0121_043@0.1231,0.4704,0.6096,0.0668",
"urn:cite:ecod:einsiedeln121img.sbe_0121_043@0.1181,0.5334,0.6286,0.069",
"urn:cite:ecod:einsiedeln121img.sbe_0121_043@0.1181,0.6024,0.6286,0.063",
"urn:cite:ecod:einsiedeln121img.sbe_0121_043@0.1311,0.6602,0.5425,0.0645",
"urn:cite:ecod:einsiedeln121img.sbe_0121_043@0.047,0.7247,0.6266,0.06",
"urn:cite:ecod:einsiedeln121img.sbe_0121_043@0.1071,0.7847,0.5666,0.069",
"urn:cite:ecod:einsiedeln121img.sbe_0121_044@0.3554,0.057,0.4975,0.0585",Page 44
"urn:cite:ecod:einsiedeln121img.sbe_0121_044@0.2492,0.1095,0.1902,0.2033", The letter 's' beginning page 44 line 3
"urn:cite:ecod:einsiedeln121img.sbe_0121_044@0.4324,0.135,0.4885,0.0518",
"urn:cite:ecod:einsiedeln121img.sbe_0121_044@0.4685,0.1868,0.4525,0.0428",
"urn:cite:ecod:einsiedeln121img.sbe_0121_044@0.4334,0.2236,0.4875,0.0653",
"urn:cite:ecod:einsiedeln121img.sbe_0121_044@0.3493,0.2858,0.5215,0.0593",
"urn:cite:ecod:einsiedeln121img.sbe_0121_044@0.3493,0.3376,0.5415,0.0765",
"urn:cite:ecod:einsiedeln121img.sbe_0121_044@0.3493,0.4104,0.4474,0.0585",
"urn:cite:ecod:einsiedeln121img.sbe_0121_044@0.2873,0.4689,0.5425,0.0668",
"urn:cite:ecod:einsiedeln121img.sbe_0121_044@0.2713,0.5304,0.6517,0.0705",
"urn:cite:ecod:einsiedeln121img.sbe_0121_044@0.2733,0.5281,0.6577,0.0773",
"urn:cite:ecod:einsiedeln121img.sbe_0121_044@0.2883,0.6572,0.5866,0.0608", Neumes are broken up and continue up the margin
"urn:cite:ecod:einsiedeln121img.sbe_0121_044@0.8739,0.5281,0.0951,0.1448", Continuation of Page 44 line 11's neumes going from bottom to top
"urn:cite:ecod:einsiedeln121img.sbe_0121_044@0.3293,0.7134,0.6316,0.0668",
"urn:cite:ecod:einsiedeln121img.sbe_0121_044@0.2923,0.7802,0.5866,0.078",
"urn:cite:ecod:einsiedeln121img.sbe_0121_045@0.1071,0.0555,0.5135,0.0645",Page 45
"urn:cite:ecod:einsiedeln121img.sbe_0121_045@0.1071,0.1088,0.5175,0.066",
"urn:cite:ecod:einsiedeln121img.sbe_0121_045@0.1131,0.1748,0.5295,0.0548",
"urn:cite:ecod:einsiedeln121img.sbe_0121_045@0.044,0.2018,0.6657,0.0825", Part of line 3 caught in attempt to record all neumes
"urn:cite:ecod:einsiedeln121img.sbe_0121_045@0.1041,0.2791,0.6056,0.06",
"urn:cite:ecod:einsiedeln121img.sbe_0121_045@0.1041,0.3391,0.6056,0.0698",
"urn:cite:ecod:einsiedeln121img.sbe_0121_045@0.1041,0.4006,0.6056,0.0645",
"urn:cite:ecod:einsiedeln121img.sbe_0121_045@0.038,0.4651,0.6717,0.072",
"urn:cite:ecod:einsiedeln121img.sbe_0121_045@0.038,0.5311,0.6717,0.0653",
"urn:cite:ecod:einsiedeln121img.sbe_0121_045@0.1141,0.6032,0.5686,0.0533",
"urn:cite:ecod:einsiedeln121img.sbe_0121_045@0.038,0.6504,0.6717,0.0623",
"urn:cite:ecod:einsiedeln121img.sbe_0121_045@0.038,0.7052,0.6717,0.066",
"urn:cite:ecod:einsiedeln121img.sbe_0121_045@0.038,0.7712,0.6717,0.0705",
"urn:cite:ecod:einsiedeln121img.sbe_0121_046@0.2843,0.051,0.6426,0.0735",Page 46
"urn:cite:ecod:einsiedeln121img.sbe_0121_046@0.2843,0.1178,0.6426,0.0623",
"urn:cite:ecod:einsiedeln121img.sbe_0121_046@0.3584,0.18,0.5686,0.0525",
"urn:cite:ecod:einsiedeln121img.sbe_0121_046@0.3674,0.2393,0.4334,0.0488",
"urn:cite:ecod:einsiedeln121img.sbe_0121_046@0.2132,0.1395,0.3413,0.3376", The letter V
"urn:cite:ecod:einsiedeln121img.sbe_0121_046@0.5325,0.3398,0.3704,0.0795",
"urn:cite:ecod:einsiedeln121img.sbe_0121_046@0.5516,0.4036,0.3744,0.069",
"urn:cite:ecod:einsiedeln121img.sbe_0121_046@0.3594,0.4771,0.5015,0.069",
"urn:cite:ecod:einsiedeln121img.sbe_0121_046@0.3504,0.5311,0.5576,0.0653",
"urn:cite:ecod:einsiedeln121img.sbe_0121_046@0.3504,0.5934,0.5576,0.0645",
"urn:cite:ecod:einsiedeln121img.sbe_0121_046@0.3504,0.6579,0.5576,0.06",
"urn:cite:ecod:einsiedeln121img.sbe_0121_046@0.3504,0.7179,0.6026,0.0555",
"urn:cite:ecod:einsiedeln121img.sbe_0121_046@0.2553,0.7734,0.6977,0.072",
"urn:cite:ecod:einsiedeln121img.sbe_0121_047@0.0941,0.0683,0.5766,0.0743",Page 47
"urn:cite:ecod:einsiedeln121img.sbe_0121_047@0.0941,0.135,0.5045,0.0638",
"urn:cite:ecod:einsiedeln121img.sbe_0121_047@0.035,0.1965,0.6096,0.0683",
"urn:cite:ecod:einsiedeln121img.sbe_0121_047@0.0971,0.2521,0.6517,0.0668",
"urn:cite:ecod:einsiedeln121img.sbe_0121_047@0.0971,0.3068,0.7057,0.0758",
"urn:cite:ecod:einsiedeln121img.sbe_0121_047@0.0971,0.3826,0.7057,0.06",
"urn:cite:ecod:einsiedeln121img.sbe_0121_047@0.038,0.4389,0.6517,0.06",
"urn:cite:ecod:einsiedeln121img.sbe_0121_047@0.038,0.5011,0.6517,0.0623",
"urn:cite:ecod:einsiedeln121img.sbe_0121_047@0.038,0.5634,0.6517,0.0653",
"urn:cite:ecod:einsiedeln121img.sbe_0121_047@0.038,0.6287,0.6517,0.0645",
"urn:cite:ecod:einsiedeln121img.sbe_0121_047@0.038,0.6819,0.6517,0.0683",
"urn:cite:ecod:einsiedeln121img.sbe_0121_047@0.038,0.7487,0.6517,0.0585",
"urn:cite:ecod:einsiedeln121img.sbe_0121_047@0.038,0.8042,0.6517,0.0653",
"urn:cite:ecod:einsiedeln121img.sbe_0121_048@0.3684,0.0405,0.5435,0.1065",Page 48
"urn:cite:ecod:einsiedeln121img.sbe_0121_048@0.3684,0.1268,0.5886,0.0803",
"urn:cite:ecod:einsiedeln121img.sbe_0121_048@0.3684,0.192,0.5886,0.0728",
"urn:cite:ecod:einsiedeln121img.sbe_0121_048@0.2953,0.2626,0.6617,0.066",
"urn:cite:ecod:einsiedeln121img.sbe_0121_048@0.2953,0.3196,0.6617,0.063",
"urn:cite:ecod:einsiedeln121img.sbe_0121_048@0.2953,0.3758,0.6617,0.0683",
"urn:cite:ecod:einsiedeln121img.sbe_0121_048@0.2953,0.4359,0.6617,0.0638",
"urn:cite:ecod:einsiedeln121img.sbe_0121_048@.3574,0.4929,0.5696,0.0825",
"urn:cite:ecod:einsiedeln121img.sbe_0121_048@0.2432,0.5364,0.2362,0.1628", The letter D
"urn:cite:ecod:einsiedeln121img.sbe_0121_048@0.4755,0.5574,0.4404,0.0795",
"urn:cite:ecod:einsiedeln121img.sbe_0121_048@0.4865,0.6204,0.4414,0.075",
"urn:cite:ecod:einsiedeln121img.sbe_0121_048@0.3714,0.6849,0.5155,0.0608",
"urn:cite:ecod:einsiedeln121img.sbe_0121_048@0.3654,0.7457,0.5255,0.057",
"urn:cite:ecod:einsiedeln121img.sbe_0121_048@0.3654,0.8027,0.5255,0.06",
"urn:cite:ecod:einsiedeln121img.sbe_0121_049@0.1091,0.0855,0.4635,0.051",Page 49
"urn:cite:ecod:einsiedeln121img.sbe_0121_049@0.0611,0.1215,0.7898,0.0705",
"urn:cite:ecod:einsiedeln121img.sbe_0121_049@0.039,0.1815,0.6627,0.0855",
"urn:cite:ecod:einsiedeln121img.sbe_0121_049@0.039,0.2453,0.7157,0.06",
"urn:cite:ecod:einsiedeln121img.sbe_0121_049@0.039,0.3016,0.7157,0.0608",
"urn:cite:ecod:einsiedeln121img.sbe_0121_049@0.039,0.3578,0.7157,0.0705",
"urn:cite:ecod:einsiedeln121img.sbe_0121_049@0.1261,0.4156,0.5836,0.0675",
"urn:cite:ecod:einsiedeln121img.sbe_0121_049@0.1171,0.4831,0.6847,0.072",
"urn:cite:ecod:einsiedeln121img.sbe_0121_049@0.1171,0.5461,0.6847,0.0675",
"urn:cite:ecod:einsiedeln121img.sbe_0121_049@0.0791,0.6137,0.7227,0.0623",
"urn:cite:ecod:einsiedeln121img.sbe_0121_049@0.0691,0.6722,0.5986,0.0705",
"urn:cite:ecod:einsiedeln121img.sbe_0121_049@0.0691,0.7382,0.5986,0.0593",
"urn:cite:ecod:einsiedeln121img.sbe_0121_049@0.0691,0.7974,0.6216,0.0578",
"urn:cite:ecod:einsiedeln121img.sbe_0121_050@0.5586,0.0848,0.3293,0.063",Page 50
"urn:cite:ecod:einsiedeln121img.sbe_0121_050@0.2422,0.0825,0.3203,0.2251", The letter E
"urn:cite:ecod:einsiedeln121img.sbe_0121_050@0.5726,0.1478,0.3303,0.1073",
"urn:cite:ecod:einsiedeln121img.sbe_0121_050@0.5566,0.2483,0.3163,0.0653",
"urn:cite:ecod:einsiedeln121img.sbe_0121_050@0.3504,0.3023,0.5556,0.0653",
"urn:cite:ecod:einsiedeln121img.sbe_0121_050@0.3443,0.3608,0.5616,0.0623",
"urn:cite:ecod:einsiedeln121img.sbe_0121_050@0.3443,0.4231,0.5616,0.0645",
"urn:cite:ecod:einsiedeln121img.sbe_0121_050@0.2663,0.4876,0.6396,0.0585",
"urn:cite:ecod:einsiedeln121img.sbe_0121_050@0.2432,0.5424,0.6627,0.0683",
"urn:cite:ecod:einsiedeln121img.sbe_0121_050@0.2432,0.6077,0.6627,0.0653",
"urn:cite:ecod:einsiedeln121img.sbe_0121_050@0.3303,0.6639,0.6296,0.0653",
"urn:cite:ecod:einsiedeln121img.sbe_0121_050@0.2623,0.7217,0.6987,0.0713",
"urn:cite:ecod:einsiedeln121img.sbe_0121_050@0.2643,0.7892,0.6987,0.0668",
"urn:cite:ecod:einsiedeln121img.sbe_0121_051@0.1021,0.0458,0.7147,0.0983",Page 51
"urn:cite:ecod:einsiedeln121img.sbe_0121_051@0.0781,0.1373,0.5425,0.066",
"urn:cite:ecod:einsiedeln121img.sbe_0121_051@0.0831,0.2018,0.5475,0.0713",
"urn:cite:ecod:einsiedeln121img.sbe_0121_051@0.1021,0.2596,0.5475,0.0713",
"urn:cite:ecod:einsiedeln121img.sbe_0121_051@0.0951,0.3173,0.6016,0.0645",
"urn:cite:ecod:einsiedeln121img.sbe_0121_051@0.032,0.3781,0.6587,0.0773",
"urn:cite:ecod:einsiedeln121img.sbe_0121_051@0.1041,0.4359,0.6697,0.0705",
"urn:cite:ecod:einsiedeln121img.sbe_0121_051@0.0961,0.4989,0.6697,0.0705",
"urn:cite:ecod:einsiedeln121img.sbe_0121_051@0.0851,0.5671,0.6697,0.0705",
"urn:cite:ecod:einsiedeln121img.sbe_0121_051@0.0881,0.6302,0.6697,0.0705",
"urn:cite:ecod:einsiedeln121img.sbe_0121_051@0.022,0.6879,0.6086,0.069",
"urn:cite:ecod:einsiedeln121img.sbe_0121_051@0.1001,0.7487,0.5726,0.063",
"urn:cite:ecod:einsiedeln121img.sbe_0121_051@0.0981,0.808,0.5726,0.063",
"urn:cite:ecod:einsiedeln121img.sbe_0121_052@0.3433,0.0773,0.6116,0.0668",Page 52
"urn:cite:ecod:einsiedeln121img.sbe_0121_052@0.2362,0.1403,0.6977,0.0668",
"urn:cite:ecod:einsiedeln121img.sbe_0121_052@0.3433,0.1995,0.6096,0.0668",
"urn:cite:ecod:einsiedeln121img.sbe_0121_052@0.3343,0.2588,0.6096,0.0668",
"urn:cite:ecod:einsiedeln121img.sbe_0121_052@0.2793,0.3211,0.6607,0.0615",
"urn:cite:ecod:einsiedeln121img.sbe_0121_052@0.3293,0.3766,0.5836,0.0645",
"urn:cite:ecod:einsiedeln121img.sbe_0121_052@0.3443,0.4366,0.5836,0.0645",
"urn:cite:ecod:einsiedeln121img.sbe_0121_052@0.3493,0.5011,0.5776,0.0645",
"urn:cite:ecod:einsiedeln121img.sbe_0121_052@0.9239,0.3886,0.036,0.1545", Continuation of neumes from previous lines
"urn:cite:ecod:einsiedeln121img.sbe_0121_052@0.3504,0.5589,0.5526,0.0668",
"urn:cite:ecod:einsiedeln121img.sbe_0121_052@0.2873,0.6302,0.5756,0.063",
"urn:cite:ecod:einsiedeln121img.sbe_0121_052@0.3403,0.6864,0.5756,0.063",
"urn:cite:ecod:einsiedeln121img.sbe_0121_052@0.3564,0.7494,0.2072,0.063",
"urn:cite:ecod:einsiedeln121img.sbe_0121_052@0.2963,0.8155,0.6136,0.063",
"urn:cite:ecod:einsiedeln121img.sbe_0121_053@0.0611,0.087,0.0981,0.3841", Page 53 The letter I
"urn:cite:ecod:einsiedeln121img.sbe_0121_053@0.1431,0.1328,0.4965,0.069",
"urn:cite:ecod:einsiedeln121img.sbe_0121_053@0.1512,0.1838,0.5095,0.0765",
"urn:cite:ecod:einsiedeln121img.sbe_0121_053@0.1381,0.2536,0.5516,0.063",
"urn:cite:ecod:einsiedeln121img.sbe_0121_053@0.1391,0.3106,0.5516,0.063",
"urn:cite:ecod:einsiedeln121img.sbe_0121_053@0.1111,0.3646,0.5526,0.0698",
"urn:cite:ecod:einsiedeln121img.sbe_0121_053@0.1201,0.4329,0.6016,0.051", Before bubble
"urn:cite:ecod:einsiedeln121img.sbe_0121_053@0.7688,0.4389,0.0541,0.0578", Post Bubble
"urn:cite:ecod:einsiedeln121img.sbe_0121_053@0.0641,0.4914,0.6717,0.0645", 
"urn:cite:ecod:einsiedeln121img.sbe_0121_053@0.7097,0.4231,0.0641,0.063", Bubble
"urn:cite:ecod:einsiedeln121img.sbe_0121_053@0.1181,0.5521,0.5906,0.0645",
"urn:cite:ecod:einsiedeln121img.sbe_0121_053@0.1161,0.6182,0.6146,0.0645",
"urn:cite:ecod:einsiedeln121img.sbe_0121_053@0.7107,0.5394,0.0981,0.081", Continuation of neumes from previous lines
"urn:cite:ecod:einsiedeln121img.sbe_0121_053@0.0591,0.6797,0.7708,0.0638", Continuation of neumes from previous lines
"urn:cite:ecod:einsiedeln121img.sbe_0121_053@0.7588,0.6347,0.0761,0.057", Continuation of neumes from previous lines
"urn:cite:ecod:einsiedeln121img.sbe_0121_053@0.0671,0.7404,0.6857,0.0615",
"urn:cite:ecod:einsiedeln121img.sbe_0121_053@0.0921,0.7952,0.5105,0.0675",
"urn:cite:ecod:einsiedeln121img.sbe_0121_054@0.2563,0.0668,0.5485,0.0765",Page 54
"urn:cite:ecod:einsiedeln121img.sbe_0121_054@0.3163,0.1425,0.5666,0.063",
"urn:cite:ecod:einsiedeln121img.sbe_0121_054@0.3323,0.1958,0.6376,0.0645",
"urn:cite:ecod:einsiedeln121img.sbe_0121_054@0.2633,0.2573,0.6376,0.0533",
"urn:cite:ecod:einsiedeln121img.sbe_0121_054@0.3323,0.3398,0.043,0.024", Along with following citation forms La Te
"urn:cite:ecod:einsiedeln121img.sbe_0121_054@0.7998,0.3436,0.0531,0.03", Along with previous citation forms La Te
"urn:cite:ecod:einsiedeln121img.sbe_0121_054@0.3333,0.3106,0.5696,0.027", Neumes for La Te
"urn:cite:ecod:einsiedeln121img.sbe_0121_054@0.3253,0.3316,0.6016,0.099",
"urn:cite:ecod:einsiedeln121img.sbe_0121_054@0.3133,0.4209,0.5566,0.0713",
"urn:cite:ecod:einsiedeln121img.sbe_0121_054@0.3353,0.4846,0.5566,0.0713",
"urn:cite:ecod:einsiedeln121img.sbe_0121_054@0.3323,0.5484,0.4665,0.0713",
"urn:cite:ecod:einsiedeln121img.sbe_0121_054@0.2743,0.6144,0.6026,0.0713",
"urn:cite:ecod:einsiedeln121img.sbe_0121_054@0.3203,0.6729,0.6136,0.0713",
"urn:cite:ecod:einsiedeln121img.sbe_0121_054@0.3293,0.7397,0.6136,0.063",
"urn:cite:ecod:einsiedeln121img.sbe_0121_054@0.2503,0.7944,0.6136,0.075",
"urn:cite:ecod:einsiedeln121img.sbe_0121_055@0.1241,0.084,0.6336,0.0698",Page 55
"urn:cite:ecod:einsiedeln121img.sbe_0121_055@0.1241,0.1508,0.6336,0.0615",
"urn:cite:ecod:einsiedeln121img.sbe_0121_055@0.1241,0.2101,0.6336,0.0563",
"urn:cite:ecod:einsiedeln121img.sbe_0121_055@0.1121,0.2558,0.5716,0.0668",
"urn:cite:ecod:einsiedeln121img.sbe_0121_055@0.039,0.3203,0.6907,0.0668",
"urn:cite:ecod:einsiedeln121img.sbe_0121_055@0.0541,0.3811,0.6907,0.0578",
"urn:cite:ecod:einsiedeln121img.sbe_0121_055@0.027,0.4396,0.6907,0.0578",
"urn:cite:ecod:einsiedeln121img.sbe_0121_055@0.1181,0.4944,0.6907,0.0728",
"urn:cite:ecod:einsiedeln121img.sbe_0121_055@0.0791,0.5641,0.6907,0.0728",
"urn:cite:ecod:einsiedeln121img.sbe_0121_055@0.2703,0.6377,0.4124,0.0443",
"urn:cite:ecod:einsiedeln121img.sbe_0121_055@0.046,0.6092,0.2382,0.1973", The letter O
"urn:cite:ecod:einsiedeln121img.sbe_0121_055@0.2803,0.6789,0.3403,0.069",
"urn:cite:ecod:einsiedeln121img.sbe_0121_055@0.2332,0.7479,0.4605,0.0555",
"urn:cite:ecod:einsiedeln121img.sbe_0121_055@0.1171,0.7989,0.5686,0.063",
"urn:cite:ecod:einsiedeln121img.sbe_0121_056@0.3223,0.0915,0.5345,0.0518",Page 56
"urn:cite:ecod:einsiedeln121img.sbe_0121_056@0.3073,0.1223,0.6366,0.0795",
"urn:cite:ecod:einsiedeln121img.sbe_0121_056@0.2663,0.195,0.6336,0.0638",
"urn:cite:ecod:einsiedeln121img.sbe_0121_056@0.3353,0.2566,0.6336,0.0638",
"urn:cite:ecod:einsiedeln121img.sbe_0121_056@0.3273,0.3076,0.6336,0.0638",
"urn:cite:ecod:einsiedeln121img.sbe_0121_056@0.3443,0.3706,0.5325,0.054",
"urn:cite:ecod:einsiedeln121img.sbe_0121_056@0.2753,0.4314,0.6677,0.054",
"urn:cite:ecod:einsiedeln121img.sbe_0121_056@0.8448,0.3803,0.1051,0.0743", Continued neumes from last page
"urn:cite:ecod:einsiedeln121img.sbe_0121_056@0.3353,0.4876,0.6176,0.0585",
"urn:cite:ecod:einsiedeln121img.sbe_0121_056@0.2543,0.5484,0.3804,0.0585",
"urn:cite:ecod:einsiedeln121img.sbe_0121_056@0.2693,0.6084,0.6186,0.0705",
"urn:cite:ecod:einsiedeln121img.sbe_0121_056@0.3253,0.6707,0.4605,0.0705",
"urn:cite:ecod:einsiedeln121img.sbe_0121_056@0.2623,0.7344,0.4895,0.0705",
"urn:cite:ecod:einsiedeln121img.sbe_0121_056@0.2673,0.7914,0.3824,0.0705",
"urn:cite:ecod:einsiedeln121img.sbe_0121_057@0.0641,0.0503,0.2272,0.1815", Page 57 The letter O
"urn:cite:ecod:einsiedeln121img.sbe_0121_057@0.2883,0.0758,0.3954,0.0683", 
"urn:cite:ecod:einsiedeln121img.sbe_0121_057@0.2903,0.1373,0.4284,0.0608",
"urn:cite:ecod:einsiedeln121img.sbe_0121_057@0.1011,0.1943,0.5455,0.066",
"urn:cite:ecod:einsiedeln121img.sbe_0121_057@0.0951,0.2536,0.5876,0.0683",
"urn:cite:ecod:einsiedeln121img.sbe_0121_057@0.04,0.3113,0.6246,0.0683",
"urn:cite:ecod:einsiedeln121img.sbe_0121_057@0.029,0.3766,0.6827,0.0683",
"urn:cite:ecod:einsiedeln121img.sbe_0121_057@0.1031,0.4396,0.6456,0.0683",
"urn:cite:ecod:einsiedeln121img.sbe_0121_057@0.0861,0.5034,0.4535,0.0683",
"urn:cite:ecod:einsiedeln121img.sbe_0121_057@0.046,0.5656,0.7277,0.0728",
"urn:cite:ecod:einsiedeln121img.sbe_0121_057@0.0981,0.6377,0.5936,0.0548",
"urn:cite:ecod:einsiedeln121img.sbe_0121_057@0.0971,0.6932,0.7277,0.0593",
"urn:cite:ecod:einsiedeln121img.sbe_0121_057@0.048,0.7644,0.3504,0.0443",
"urn:cite:ecod:einsiedeln121img.sbe_0121_057@0.0501,0.802,0.5906,0.0668",
"urn:cite:ecod:einsiedeln121img.sbe_0121_058@0.3283,0.0375,0.5546,0.0953",Page 58
"urn:cite:ecod:einsiedeln121img.sbe_0121_058@0.3323,0.1298,0.5656,0.0698",
"urn:cite:ecod:einsiedeln121img.sbe_0121_058@0.3373,0.1913,0.5786,0.0698",
"urn:cite:ecod:einsiedeln121img.sbe_0121_058@0.3333,0.2558,0.5475,0.0653",
"urn:cite:ecod:einsiedeln121img.sbe_0121_058@0.3383,0.3136,0.5846,0.0653",
"urn:cite:ecod:einsiedeln121img.sbe_0121_058@0.3353,0.3713,0.5746,0.0653",
"urn:cite:ecod:einsiedeln121img.sbe_0121_058@0.3413,0.4344,0.5746,0.0653",
"urn:cite:ecod:einsiedeln121img.sbe_0121_058@0.2813,0.4951,0.6807,0.0743",
"urn:cite:ecod:einsiedeln121img.sbe_0121_058@0.3193,0.5469,0.6476,0.0803",
"urn:cite:ecod:einsiedeln121img.sbe_0121_058@0.3103,0.6759,0.6617,0.0825",
"urn:cite:ecod:einsiedeln121img.sbe_0121_058@0.2963,0.7502,0.6727,0.0563",
"urn:cite:ecod:einsiedeln121img.sbe_0121_058@0.3654,0.805,0.5355,0.0563",
"urn:cite:ecod:einsiedeln121img.sbe_0121_059@0.1041,0.0548,0.5906,0.0788",Page 59
"urn:cite:ecod:einsiedeln121img.sbe_0121_059@0.1111,0.1785,0.7658,0.126", Two lines cited together due to the slope of the neumes
"urn:cite:ecod:einsiedeln121img.sbe_0121_059@0.028,0.3046,0.6627,0.0555",
"urn:cite:ecod:einsiedeln121img.sbe_0121_059@0.1061,0.3578,0.5495,0.066",
"urn:cite:ecod:einsiedeln121img.sbe_0121_059@0.1261,0.4186,0.5155,0.066",
"urn:cite:ecod:einsiedeln121img.sbe_0121_059@0.1151,0.4794,0.5576,0.0743",
"urn:cite:ecod:einsiedeln121img.sbe_0121_059@0.1161,0.5424,0.5576,0.072",
"urn:cite:ecod:einsiedeln121img.sbe_0121_059@0.1161,0.6002,0.5005,0.072",
"urn:cite:ecod:einsiedeln121img.sbe_0121_059@0.1211,0.6609,0.3654,0.072",
"urn:cite:ecod:einsiedeln121img.sbe_0121_059@0.041,0.7052,0.1461,0.171", The letter S
"urn:cite:ecod:einsiedeln121img.sbe_0121_059@0.1872,0.7352,0.4605,0.0615",
"urn:cite:ecod:einsiedeln121img.sbe_0121_059@0.2082,0.7877,0.4665,0.0615",
"urn:cite:ecod:einsiedeln121img.sbe_0121_060@0.3373,0.0668,0.5506,0.0668",Page 60
"urn:cite:ecod:einsiedeln121img.sbe_0121_060@0.3303,0.1298,0.5556,0.0578",
"urn:cite:ecod:einsiedeln121img.sbe_0121_060@0.3393,0.1808,0.4254,0.0638",
"urn:cite:ecod:einsiedeln121img.sbe_0121_060@0.2823,0.2371,0.5145,0.0638",
"urn:cite:ecod:einsiedeln121img.sbe_0121_060@0.2743,0.2971,0.6476,0.0638",
"urn:cite:ecod:einsiedeln121img.sbe_0121_060@0.2953,0.3526,0.6476,0.0638",
"urn:cite:ecod:einsiedeln121img.sbe_0121_060@0.3383,0.4126,0.5616,0.0638",
"urn:cite:ecod:einsiedeln121img.sbe_0121_060@0.3333,0.4779,0.6036,0.0638",
"urn:cite:ecod:einsiedeln121img.sbe_0121_060@0.2603,0.5334,0.6276,0.0735",
"urn:cite:ecod:einsiedeln121img.sbe_0121_060@0.3273,0.5911,0.6286,0.0735",
"urn:cite:ecod:einsiedeln121img.sbe_0121_060@0.3363,0.6564,0.6286,0.0735",
"urn:cite:ecod:einsiedeln121img.sbe_0121_060@0.2482,0.7194,0.6737,0.069",
"urn:cite:ecod:einsiedeln121img.sbe_0121_060@0.2513,0.7794,0.6737,0.069",
